crn_Unique_Id,crn_Identification_Type,crn_Identificatin_Num,crn_CN_Number,crn_CN_Equipment_Type,crn_CN_Equipment_User_Business_Name,crn_CN_Equipment_User_Email,crn_OW_Number,crn_OW_Limited_Use_Type,crn_OW_Business_Name,crn_OW_Applicant_Email,crn_Mrl_Num,crn_Mrl_Cd_Num,crn_Mrl_Cd_Permit_Exists_Flag,crn_Mrl_Cd_Job_Number,crn_Mrl_Licensee_Name,crn_Mrl_Business_Email,crn_Mrl_Permit_Num,crn_Mrl_No_Permit_Reason_Description,crn_Crane_Action_Type,crn_Crane_Action_Date,crn_Crane_Arrrival_Date,crn_Crane_Departure_Date,crn_Tower_Crane_Foundation_Pour_Date,crn_Crane_Assembly_Date,crn_Crane_Disassembly_Date,crn_Crane_Action_Cancellation_Date,crn_Crane_Action_Cancellation_Pin,crn_CN_OW_Mrl_Location_House_Num,crn_CN_OW_Mrl_Location_Street_Name,crn_CN_OW_Mrl_Location_Borough,crn_CN_OW_Mrl_Location_Block,crn_CN_OW_Mrl_Location_Lot,crn_CN_OW_Mrl_Location_Bin_Number,crn_CN_OW_Mrl_Zip,crn_Date_Created,crn_Date_Modified,crn_Logical_Delete_Flag,crn_Processing_Status,crn_Modified_By,crn_Admin_Comments,crn_Mrl_Business_Name,crn_CN_CD_OW_Status,Status,latitude,longitude,Will crane be on site for more than 48 hours
1000000011,Crane Notice Number,22618,022618,MOBILE CRANE,NYC CRANE HOIST & RIGGING LLC,TOM@USCRANEERIGGINGLLC.COM,,null,,INFO@VALJATO.COM,,,,,,,,,Arrival,6/1/2018 7:00:00,6/1/2018 7:00:00,,,,,,,22-34,JACKSON AVENUE,QUEENS,86,1,4596913,,5/31/2018 10:02:19,5/31/2018 10:02:19,N,,SYSTEM,,,APPROVED FOR USE,Arrival,40.7447395324707,-73.94551086425781,
1000000030,Crane Notice Number,42418,042418,MOBILE CRANE,L & CJ IRON WORKS INC,LCJIRONWORKSINC@HOTMAIL.COM,,null,,NEIL@MRAENGINEERING.COM,,,,,,,,,Arrival,6/2/2018 10:00:00,6/2/2018 10:00:00,,,,,,,1544,NOSTRAND AVENUE,BROOKLYN,5111,41,3117403,,6/1/2018 11:36:44,6/1/2018 11:36:44,N,,SYSTEM,,,APPROVED FOR USE,Arrival,40.64847183227539,-73.94965362548828,
1000000055,Crane Notice Number,13 18,001318,MOBILE CRANE,CASINO DEVELOPMENT GROUP INC,BCHARON@CASINOCONCRETE.COM,,null,,INFO@VALJATOPC.COM,,,,,,,,,Assembly,6/5/2018 7:00:00,,,,2018-06-05 07:00:00.0,,,,28-07,JACKSON AVENUE,QUEENS,420,1,4615628,,6/4/2018 8:55:05,6/4/2018 8:55:05,N,,SYSTEM,,,APPROVED FOR USE,Assembly,40.74895095825195,-73.93860626220703,
1000000069,Crane Notice Number,55218,055218,MOBILE CRANE,GUYTEC STEEL INC,BOB@GUYTECSTEEL.COM,,null,,NEIL@MRAENGINEERING.COM,,,,,,,,,Arrival,6/6/2018 12:00:00,6/6/2018 12:00:00,,,,,,,270,59 STREET,BROOKLYN,861,37,3424758,,6/4/2018 4:49:20,6/4/2018 4:49:20,N,,SYSTEM,,,APPROVED FOR USE,Arrival,40.64282989501953,-74.02073669433594,
1000000096,Crane Notice Number,49618,049618,MOBILE CRANE,""FJM-FERRO.  INC"",AHOSEIN@FJMFERROINC.COM,,null,,NEIL@MRAENGINEERING.COM,,,,,,,,,Assembly,6/7/2018 8:00:00,,,,2018-06-07 08:00:00.0,,,,2670,HYLAN BOULEVARD,STATEN ISLAND,3969,1,5168776,,6/6/2018 2:37:05,6/6/2018 2:37:05,N,,SYSTEM,,,APPROVED FOR USE,Assembly,40.56645965576172,-74.11076354980469,
1000000097,Crane Notice Number,118217,118217,MOBILE CRANE,FJM FERRO INC,JCASUCCI@FJMFERROINC.COM,,null,,MLOMBARDO@LOMBARDO-PE.COM,,,,,,,,,Arrival,6/7/2018 7:00:00,6/7/2018 7:00:00,,,,,,,677,VAN SINDEREN AVENUE,BROOKLYN,3850,5,3829837,,6/6/2018 3:29:40,6/6/2018 3:29:40,N,,SYSTEM,,,APPROVED FOR USE,Arrival,40.659950256347656,-73.89942932128906,
1000000113,Crane Notice Number,24518,024518,MOBILE CRANE,HABACUS CONSTRUCTION,HABACUS@OPTONLINE.NET,,null,,MLOMBARDO@LOMBARDO-PE.COM,,,,,,,,,Arrival,6/8/2018 8:30:00,6/8/2018 8:30:00,,,,,,,222,HULL STREET,BROOKLYN,1540,26,3331880,,6/7/2018 10:44:21,6/7/2018 10:44:21,N,,SYSTEM,,,APPROVED FOR USE,Arrival,40.67979049682617,-73.90664672851562,
1000000304,Crane Notice Number,60817,060817,MOBILE CRANE,SAFETX CONTRACTING CORP,APPOLLOTECHCORP@YAHOO.COM,,null,,INFO@VALJATO.COM,,,,,,,,,Arrival,6/23/2018 7:00:00,6/23/2018 7:00:00,,,,,,,10,WEST   48 STREET,MANHATTAN,1263,45,1034488,,6/21/2018 10:50:28,6/21/2018 10:50:28,N,,SYSTEM,,,APPROVED FOR USE,Arrival,40.75743865966797,-73.97908782958984,
1000000343,Crane Notice Number,112016,112016,MOBILE CRANE,""U.S. CRANE & RIGGING.  LLC"",TOM@USCRANERIGGINGLLC.COM,,null,,INFO@VALJATO.COM,,,,,,,,,Arrival,6/26/2018 7:00:00,6/26/2018 7:00:00,,,,,,,22-34,JACKSON AVENUE,QUEENS,86,1,4596913,,6/25/2018 9:11:24,6/25/2018 9:11:24,N,,SYSTEM,,,APPROVED FOR USE,Arrival,40.7447395324707,-73.94551086425781,
1000000353,Crane Notice Number,30618,030618,MOBILE CRANE,D HEAVY METAL,DANIELMETALWORK@GMAIL.COM,,null,,NEIL@MRAENGINEERING.COM,,,,,,,,,Arrival,6/26/2018 8:30:00,6/26/2018 8:30:00,,,,,,,346,RUTLAND ROAD,BROOKLYN,4809,21,3107159,,6/25/2018 5:47:39,6/25/2018 5:47:39,N,,SYSTEM,,,APPROVED FOR USE,Arrival,0.0,0.0,
1000000361,Crane Notice Number,16818,016818,MOBILE CRANE,METRO ERECTORS INC,JRUSSO@METROSTEEL.NET,,null,,MLOMBARDO@LOMBARDO-PE.COM,,,,,,,,,Arrival,6/28/2018 7:00:00,6/28/2018 7:00:00,,,,,,,1900,PARK PLACE,BROOKLYN,1468,56,3421943,,6/26/2018 9:17:22,6/26/2018 9:17:22,N,,SYSTEM,,,APPROVED FOR USE,Arrival,40.67129898071289,-73.91458892822266,
1000000364,Crane Notice Number,46018,046018,MOBILE CRANE,""VESCOM SYSTEMS.  LLC"",GREG@VESCOM-SYSTEMS.COM,,null,,NEIUL@MRAENGINEERING.COM,,,,,,,,,Arrival,6/27/2018 9:00:00,6/27/2018 9:00:00,,,,,,,412,EVERGREEN AVENUE,BROOKLYN,3304,14,3421370,,6/26/2018 12:03:09,6/26/2018 12:03:09,N,,SYSTEM,,,APPROVED FOR USE,Arrival,40.69313049316406,-73.92236328125,
1000000403,Crane Notice Number,21418,021418,MOBILE CRANE,NEWBURGH IRON LLC,TOM@USCRANERIGGINGLLC.COM,,null,,,,,,,,,,,Arrival,6/29/2018 7:00:00,6/29/2018 7:00:00,,,,,,,3003,WEST   21 STREET,BROOKLYN,7072,1,3423863,,6/28/2018 5:25:42,6/28/2018 5:25:42,N,,SYSTEM,,,APPROVED FOR USE,Arrival,40.574310302734375,-73.98726654052734,
1000000421,Crane Notice Number,67718,067718,MOBILE CRANE,GOTHAM STRUCTURES NY LLC,JEREMY.MARKOWITZ@GMAIL.COM,,null,,LKSHAPIRO@HISASSOC.COM,,,,,,,,,Arrival,7/1/2018 9:00:00,7/1/2018 9:00:00,,,,,,,532,NEPTUNE AVENUE,BROOKLYN,7273,1,3196579,,6/30/2018 6:47:33,6/30/2018 6:47:33,N,,SYSTEM,,,APPROVED FOR USE,Arrival,40.57931137084961,-73.97338104248047,
1000000426,Crane Notice Number,128216,128216,MOBILE CRANE,STNY CURTAINWALLS,EV@STNYCURTAINWALLS.COM,,null,,NEIL@MRAENGINEERING.COM,,,,,,,,,Assembly,7/2/2018 7:00:00,,,,2018-07-02 07:00:00.0,,,,301,FREEDOM PLACE SOUTH,MANHATTAN,1171,151,1089703,,7/1/2018 8:53:36,7/1/2018 8:53:36,N,,SYSTEM,,,APPROVED FOR USE,Assembly,40.773738861083984,-73.9906997680664,
1000000429,Crane Notice Number,55418,055418,MOBILE CRANE,""EARTH STRUCTURES.  INC"",PETER@EARTHSTRUCTURES.NET,,null,,INFO@VALJATO.COM,,,,,,,,,Arrival,7/2/2018 7:00:00,7/2/2018 7:00:00,,,,,,,35 A,BAY STREET,STATEN ISLAND,1,58,5166155,,7/1/2018 11:07:15,7/1/2018 11:07:15,N,,SYSTEM,,,APPROVED FOR USE,Arrival,40.641658782958984,-74.0750503540039,
1000000476,Crane Notice Number,66618,066618,MOBILE CRANE,NASDI LLC,NASDISTOUGHTON@GMAIL.COM,,null,,LKSHAPIRO@HISASSOC.COM,,,,,,,,,Arrival,7/9/2018 7:00:00,7/9/2018 7:00:00,,,,,,,12266,FLATLANDS AVENUE,BROOKLYN,4440,1,3848583,,7/7/2018 1:45:12,7/7/2018 1:45:12,N,,SYSTEM,,,APPROVED FOR USE,Arrival,40.65242004394531,-73.87902069091797,
1000000525,Crane Notice Number,50616,050616,TOWER CRANE - EXT CLIMBING MECHANISM,SSC HIGHRISE CONSTRUCTION INC,TIMMY@SSCHIGHRISE.COM,,null,,INFO@VALJATOPC.COM,,,,,,,,,Disassembly,7/11/2018 9:00:00,,,,,2018-07-11 09:00:00.0,,,22-34,JACKSON AVENUE,QUEENS,86,1,4596913,,7/10/2018 1:51:39,7/10/2018 1:51:39,N,,SYSTEM,,,APPROVED FOR USE,Disassembly,40.7447395324707,-73.94551086425781,
1000000554,Crane Notice Number,117817,117817,MOBILE CRANE,S&S DECORATIVE CORP,SSDECORATIVECORP@GMAIL.COM,,null,,INFO@VALJATOPC.COM,,,,,,,,,Arrival,7/13/2018 7:30:00,7/13/2018 7:30:00,,,,,,,850,METROPOLITAN AVENUE,BROOKLYN,2916,18,3330330,,7/11/2018 5:15:10,7/11/2018 5:15:10,N,,SYSTEM,,,APPROVED FOR USE,Arrival,40.71445083618164,-73.94080352783203,
1000000563,Crane Notice Number,39318,039318,MOBILE CRANE,TRISTATE CRANE LLC,MANNY@TRISTATELLC.COM,,null,,INFO@VALJATO.COM,,,,,,,,,Arrival,7/14/2018 8:00:00,7/14/2018 8:00:00,,,,,,,133-27,39 AVENUE,QUEENS,4972,65,4618349,,7/12/2018 11:50:06,7/12/2018 11:50:06,N,,SYSTEM,,,APPROVED FOR USE,Arrival,40.75959014892578,-73.83360290527344,
1000000610,Crane Notice Number,55118,055118,MOBILE CRANE,ERECTION & WELDING CONTRACTORS,JPANNELL@ERECTIONWELDING.COM,,null,,NEIL@MRAENGINEERING.COM,,,,,,,,,Arrival,7/17/2018 12:00:00,7/17/2018 12:00:00,,,,,,,192,EAST  151 STREET,BRONX,2348,5,2001065,,7/16/2018 10:22:54,7/16/2018 10:22:54,N,,SYSTEM,,,APPROVED FOR USE,Arrival,40.8203010559082,-73.92739868164062,
1000000624,Crane Notice Number,53918,053918,MOBILE CRANE,PERMASTEELISA,PARADISE@PERMASTEELISAGROUP.COM,,null,,MCHUANDANSON@HISASSOC.COM,,,,,,,,,Arrival,7/18/2018 12:00:00,7/18/2018 12:00:00,,,,,,,2,VANDERBILT AVENUE,MANHATTAN,1277,27,1090638,,7/17/2018 7:10:06,7/17/2018 7:10:06,N,,SYSTEM,,,APPROVED FOR USE,Arrival,0.0,0.0,
1000000655,Crane Notice Number,79218,079218,MOBILE CRANE,LMD RESIDENTIAL,STEPHEN2E@ME.COM,,null,,MCHAUDANSON@HISASSOC.COM,,,,,,,,,Arrival,7/20/2018 7:00:00,7/20/2018 7:00:00,,,,,,,4-21,BEACH   64 STREET,QUEENS,16038,62,4302810,,7/19/2018 7:11:56,7/19/2018 7:11:56,N,,SYSTEM,,,APPROVED FOR USE,Arrival,40.593650817871094,-73.79361724853516,
1000000685,Crane Notice Number,47418,047418,MOBILE CRANE,""NEWBURGH IRON.  LLC"",DAURINGER@NYPRECAST.COM,,null,,NEIL@MRAENGINEERING.COM,,,,,,,,,Arrival,7/24/2018 12:00:00,7/24/2018 12:00:00,,,,,,,493,VANDALIA AVENUE,BROOKLYN,4452,282,3421895,,7/23/2018 11:57:59,7/23/2018 11:57:59,N,,SYSTEM,,,APPROVED FOR USE,Arrival,40.65559005737305,-73.87435913085938,
1000000686,Crane Notice Number,47318,047318,MOBILE CRANE,""NEWBURGH IRON.  LLC"",DAURINGER@NYPRECAST.COM,,null,,NEIL@MRAENGINEERING.COM,,,,,,,,,Arrival,7/24/2018 12:00:00,7/24/2018 12:00:00,,,,,,,495,VANDALIA AVENUE,BROOKLYN,4452,281,3421894,,7/23/2018 11:58:42,7/23/2018 11:58:42,N,,SYSTEM,,,APPROVED FOR USE,Arrival,40.6556282043457,-73.87425231933594,
1000000687,Crane Notice Number,47218,047218,MOBILE CRANE,""NEWBURGH IRON.  LLC"",DAURINGER@NYPRECAST.COM,,null,,NEIL@MRAENGINEERING.COM,,,,,,,,,Arrival,7/24/2018 12:00:00,7/24/2018 12:00:00,,,,,,,497,VANDALIA AVENUE,BROOKLYN,4452,280,3421893,,7/23/2018 12:00:07,7/23/2018 12:00:07,N,,SYSTEM,,,APPROVED FOR USE,Arrival,40.65568161010742,-73.87413024902344,
1000000688,Crane Notice Number,41618,041618,MOBILE CRANE,""NEWBURGH IRON.  LLC"",DAURINGER@NYPRECAST.COM,,null,,NEIL@MRAENGINEERING.COM,,,,,,,,,Arrival,7/24/2018 12:00:00,7/24/2018 12:00:00,,,,,,,475,VANDALIA AVENUE,BROOKLYN,4452,290,3421903,,7/23/2018 12:00:29,7/23/2018 12:00:29,N,,SYSTEM,,,APPROVED FOR USE,Arrival,40.65522003173828,-73.8752212524414,
1000000857,Crane Notice Number,47618,047618,MOBILE CRANE,""L & CJ IRON WORKS.  INC"",LCJIRONWORKSINC@HOTMAIL.COM,,null,,NEIL@MRAENGINEERING.COM,,,,,,,,,Arrival,8/3/2018 8:30:00,8/3/2018 8:30:00,,,,,,,420,TROY AVENUE,BROOKLYN,1422,40,3038353,,8/2/2018 10:43:21,8/2/2018 10:43:21,N,,SYSTEM,,,APPROVED FOR USE,Arrival,40.66426086425781,-73.93743133544922,
1000000859,Crane Notice Number,75618,075618,MOBILE CRANE,ABLE RIGGING CONTRACTORS,BLACHAPELLE@ABLERIGGING.COM,,null,,MCHAUDANSON@HISASSOC.COM,,,,,,,,,Arrival,8/4/2018 6:00:00,8/4/2018 6:00:00,,,,,,,501,WEST   16 STREET,MANHATTAN,688,7501,1012278,,8/2/2018 11:17:35,8/2/2018 11:17:35,N,,SYSTEM,,,APPROVED FOR USE,Arrival,40.74406051635742,-74.0076904296875,
1000000960,Crane Notice Number,45018,045018,MOBILE CRANE,LOGOZZO BROS. CONSTRUCTION CORP,ROCCO@LOGOZZOBROTHERS.COM,,null,,HMLOKE@HMLCE.COM,,,,,,,,,Arrival,8/10/2018 9:00:00,8/10/2018 9:00:00,,,,,,,211,SCHERMERHORN STREET,BROOKLYN,165,60,3424448,,8/8/2018 5:42:32,8/8/2018 5:42:32,N,,SYSTEM,,,APPROVED FOR USE,Arrival,40.68898010253906,-73.98532104492188,
1000000964,Crane Notice Number,31218,031218,MOBILE CRANE,PEDOWITZ MACHINERY MOVERS,DUOG@PEDOWITZ.COM,,null,,NEIL@MRAENGINEERING.COM,,,,,,,,,Arrival,8/10/2018 9:00:00,8/10/2018 9:00:00,,,,,,,20,BROAD STREET,MANHATTAN,23,50,1000816,,8/9/2018 7:38:05,8/9/2018 7:38:05,N,,SYSTEM,,,APPROVED FOR USE,Arrival,40.70661926269531,-74.01145935058594,
1000000991,Crane Notice Number,81218,081218,MOBILE CRANE,GUYTEC STEEL INC,BOB@GUYTECSTEEL.COM,,null,,NEIL@MRAENGINEERING.COM,,,,,,,,,Arrival,8/11/2018 12:00:00,8/11/2018 12:00:00,,,,,,,985,BRUCKNER BOULEVARD,BRONX,2735,28,2802139,,8/10/2018 11:20:23,8/10/2018 11:20:23,N,,SYSTEM,,,APPROVED FOR USE,Arrival,0.0,0.0,
1000001113,Crane Notice Number,90618,090618,MOBILE CRANE,EMPIRE CITY IRON WORKS,SSULLIVAN@ECIW.COM,,null,,NEIL@MRAENGINEERING.COM,,,,,,,,,Arrival,8/19/2018 9:00:00,8/19/2018 9:00:00,,,,,,,1440,MADISON AVENUE,MANHATTAN,1604,6,1083922,,8/17/2018 9:43:53,8/17/2018 9:43:53,N,,SYSTEM,,,APPROVED FOR USE,Arrival,40.789878845214844,-73.95326232910156,
1000001129,Crane Notice Number,32218,032218,TOWER CRANE - EXT CLIMBING MECHANISM,""REGAL USA CONCRETE.  INC"",MAILJPARKS@REGTALCONCRETEINC.COM,,null,,LKSHAPIRO@HISASSOC.COM,,,,,,,,,Arrival,8/20/2018 9:30:00,8/20/2018 9:30:00,,,,,,,819,1 AVENUE,MANHATTAN,1338,30,1090642,,8/18/2018 10:33:18,8/18/2018 10:33:18,N,,SYSTEM,,,APPROVED FOR USE,Arrival,40.751399993896484,-73.96853637695312,
1000001151,Crane Notice Number,122216,122216,MOBILE CRANE,""TOTAL STEEL.  INC"",TOTALSTEEL0614@GMAIL.COM,,null,,INFO@VALJATO.COM,,,,,,,,,Arrival,8/21/2018 8:00:00,8/21/2018 8:00:00,,,,,,,874,WILLOUGHBY AVENUE,BROOKLYN,1593,23,3423327,,8/20/2018 11:36:48,8/20/2018 11:36:48,N,,SYSTEM,,,APPROVED FOR USE,Arrival,40.69546890258789,-73.93324279785156,
1000001193,Crane Notice Number,28218,028218,MOBILE CRANE,GALAXY GENERAL CONTRACTING CORP,RMARCHENA@GALAXYGC.COM,,null,,NEIL@MRAENGINERING.COM,,,,,,,,,Arrival,8/24/2018 7:00:00,8/24/2018 7:00:00,,,,,,,603,JACKSON AVENUE,BRONX,2623,213,2091322,,8/22/2018 11:58:47,8/22/2018 11:58:47,N,,SYSTEM,,,APPROVED FOR USE,Arrival,40.8148193359375,-73.90885162353516,
1000001333,Crane Notice Number,92018,092018,MOBILE CRANE,BOWNE TECH CONSTRUCTION CORP,APOLLOTECHCORP@YAHOO.COM,,null,,MLOMBARDO@LOMBARDO-PE.COM,,,,,,,,,Arrival,8/31/2018 8:00:00,8/31/2018 8:00:00,,,,,,,601,WEST   44 STREET,MANHATTAN,1092,29,1080979,,8/29/2018 10:04:05,8/29/2018 10:04:05,N,,SYSTEM,,,APPROVED FOR USE,Arrival,40.76234817504883,-73.99759674072266,
1000001414,Crane Notice Number,66918,066918,MOBILE CRANE,""NEWBURGH IRON.  LLC"",URBANPRECAST@AOL.COM,,null,,NEIL@MRAENGINEERING.COM,,,,,,,,,Arrival,9/5/2018 7:00:00,9/5/2018 7:00:00,,,,,,,702,VANDALIA AVENUE,BROOKLYN,4586,203,3424571,,9/4/2018 2:25:15,9/4/2018 2:25:15,N,,SYSTEM,,,APPROVED FOR USE,Arrival,40.657798767089844,-73.86776733398438,
1000001415,Crane Notice Number,46718,046718,MOBILE CRANE,""NEWBURGH IRON.  LLC"",DAURINGER@NYPRECAST.COM,,null,,NEIL@MRAENGINEERING.COM,,,,,,,,,Arrival,9/5/2018 7:00:00,9/5/2018 7:00:00,,,,,,,491,VANDALIA AVENUE,BROOKLYN,4452,283,3421896,,9/4/2018 2:40:51,9/4/2018 2:40:51,N,,SYSTEM,,,APPROVED FOR USE,Arrival,40.655540466308594,-73.87445831298828,
1000001433,Crane Notice Number,99316,099316,MOBILE CRANE,NEW FAMILY HOMES & BUILDING,YBIN90@GMAIL.COM,,null,,MLOMBARDO@LOMBARDO-PE.COM,,,,,,,,,Arrival,9/6/2018 8:00:00,9/6/2018 8:00:00,,,,,,,142-15,CHERRY AVENUE,QUEENS,5186,54,4117158,,9/5/2018 2:47:54,9/5/2018 2:47:54,N,,SYSTEM,,,APPROVED FOR USE,Arrival,40.75545883178711,-73.82080078125,
1000001477,Crane Notice Number,71218,071218,MOBILE CRANE,ABLE RIGGING,BARRY@ABLERIGGING.COM,,null,,MCHAUDANSON@HISSASSOC.COM,,,,,,,,,Arrival,9/8/2018 7:00:00,9/8/2018 7:00:00,,,,,,,890,10 AVENUE,MANHATTAN,1068,1,1082718,,9/7/2018 12:34:20,9/7/2018 12:34:20,N,,SYSTEM,,,APPROVED FOR USE,Arrival,40.76969909667969,-73.98689270019531,
1000001478,Crane Notice Number,113017,113017,MOBILE CRANE,ATRIA BUILDERS LLC,INFO@VALJATO.COM,,null,,INFO@VALJATO.COM,,,,,,,,,Arrival,9/8/2018 12:01:00,9/8/2018 12:01:00,,,,,,,428,10 AVENUE,MANHATTAN,732,1,1012856,,9/7/2018 12:39:19,9/7/2018 12:39:19,N,,SYSTEM,,,APPROVED FOR USE,Arrival,40.75468063354492,-73.9986572265625,
1000001547,Crane Notice Number,58418,058418,MOBILE CRANE,CROSS COUNTRY CONSUTRCTION LLC,TCOSTIGAN@XCCLLC.COM,,null,,LKSHAPIRO@HISASSOC.COM,,,,,,,,,Arrival,9/12/2018 7:00:00,9/12/2018 7:00:00,,,,,,,22,NORTH LOOP ROAD,MANHATTAN,1373,160,1090301,,9/11/2018 4:58:19,9/11/2018 4:58:19,N,,SYSTEM,,,APPROVED FOR USE,Arrival,40.755489349365234,-73.95623016357422,
1000001592,Crane Notice Number,73817,073817,MOBILE CRANE,SKY MATERIAL CORP,MICHAEL@SKYMATERIALSCORP.COM,,null,,INFO@VALJATO.COM,,,,,,,,,Arrival,9/14/2018 6:00:00,9/14/2018 6:00:00,,,,,,,228,WEST  126 STREET,MANHATTAN,1931,17,1058657,,9/13/2018 3:38:50,9/13/2018 3:38:50,N,,SYSTEM,,,APPROVED FOR USE,Arrival,40.809959411621094,-73.9493637084961,
1000001649,Crane Notice Number,80418,080418,MOBILE CRANE,JEMCO ERECTORS,MATT@JEMCORECTORS.COM,,null,,NEIL@MRAENGINEERING.COM,,,,,,,,,Arrival,9/18/2018 7:00:00,9/18/2018 7:00:00,,,,,,,550 GARAGE,GULF AVENUE,STATEN ISLAND,1760,35,5170188,,9/17/2018 7:33:07,9/17/2018 7:33:07,N,,SYSTEM,,,APPROVED FOR USE,Arrival,40.61919021606445,-74.18818664550781,
1000001655,Crane Notice Number,42518,042518,MOBILE CRANE,ISLAND EXTERIOR FABRICATORS,RKUMMER@ISLANDCOMPANIES.COM,,null,,MCHAUDANSON@HISASSOC.COM,,,,,,,,,Arrival,9/18/2018 12:00:00,9/18/2018 12:00:00,,,,,,,540,WEST   25 STREET,MANHATTAN,696,54,1090407,,9/17/2018 10:27:20,9/17/2018 10:27:20,N,,SYSTEM,,,APPROVED FOR USE,Arrival,40.749488830566406,-74.00504302978516,
1000001657,Crane Notice Number,97018,097018,MOBILE CRANE,RC STRUCTURES INC,JGIESSEL@RCSTRUCTURES.COM,,null,,LKSHAPIRO@HISASSOC.COM,,,,,,,,,Arrival,9/18/2018 7:00:00,9/18/2018 7:00:00,,,,,,,301,EAST   80 STREET,MANHATTAN,1543,1,1090305,,9/17/2018 10:50:07,9/17/2018 10:50:07,N,,SYSTEM,,,APPROVED FOR USE,Arrival,40.77410888671875,-73.95408630371094,
1000001674,Crane Notice Number,101818,101818,MOBILE CRANE,DELUX BUILDING SOLUTIONS,DM@DELUXE-BUILT.COM,,null,,INFO@VLAJATO.COM,,,,,,,,,Arrival,9/18/2018 7:00:00,9/18/2018 7:00:00,,,,,,,556,BROOK AVENUE,BRONX,2276,1,2000133,,9/17/2018 1:32:20,9/17/2018 1:32:20,N,,SYSTEM,,,APPROVED FOR USE,Arrival,40.8154411315918,-73.91340637207031,
1000001718,Crane Notice Number,71818,071818,MOBILE CRANE,SKANSKA-PICONE JV 26W-20,JIM.CANTWELL@SKANSKA.COM,,null,,KEVIN.ONEILL@SIEFERTASSOCIATES.COM,,,,,,,,,Arrival,9/20/2018 12:00:00,9/20/2018 12:00:00,,,,,,,12266,FLATLANDS AVENUE,BROOKLYN,4440,1,3848583,,9/19/2018 8:43:42,9/19/2018 8:43:42,N,,SYSTEM,,,APPROVED FOR USE,Arrival,40.65242004394531,-73.87902069091797,
1000001719,Crane Notice Number,44718,044718,MOBILE CRANE,SKANSKA-PICONE JV 26W-20,JIM.CANTWELL@SKANSKA.COM,,null,,KEVIN.ONEILL@SIEFERTASSOCIATES.COM,,,,,,,,,Arrival,9/20/2018 12:00:00,9/20/2018 12:00:00,,,,,,,12266,FLATLANDS AVENUE,BROOKLYN,4440,1,3848583,,9/19/2018 8:50:56,9/19/2018 8:50:56,N,,SYSTEM,,,APPROVED FOR USE,Arrival,40.65242004394531,-73.87902069091797,
1000001721,Crane Notice Number,16918,016918,MOBILE CRANE,SKANSKA-PICONE JV 26W-20,JIM.CANTWELL@SKANSKA.COM,,null,,KEVIN.ONEILL@SIEFERTASSOCIATES.COM,,,,,,,,,Arrival,9/20/2018 12:00:00,9/20/2018 12:00:00,,,,,,,12266,FLATLANDS AVENUE,BROOKLYN,4440,1,3848583,,9/19/2018 8:59:17,9/19/2018 8:59:17,N,,SYSTEM,,,APPROVED FOR USE,Arrival,40.65242004394531,-73.87902069091797,
1000001767,Crane Notice Number,30818,030818,MOBILE CRANE,BOWNE TECH CONSTRUCTION CORP,APPOLLOTECHCORP@YAHOO.COM,,null,,INFO@VALJATOPC.COM,,,,,,,,,Arrival,9/21/2018 9:00:00,9/21/2018 9:00:00,,,,,,,894,NEW YORK AVENUE,BROOKLYN,4869,72,3108599,,9/20/2018 4:34:58,9/20/2018 4:34:58,N,,SYSTEM,,,APPROVED FOR USE,Arrival,40.65155029296875,-73.94705963134766,
1000001774,Crane Notice Number,56018,056018,MOBILE CRANE,A1 SPECIALIZED INC,ANDREW@A1RIGGING.COM,,null,,INFO@VALJATO.COM,,,,,,,,,Arrival,9/23/2018 7:00:00,9/23/2018 7:00:00,,,,,,,104,WEST   56 STREET,MANHATTAN,1008,37,1023395,,9/21/2018 8:50:59,9/21/2018 8:50:59,N,,SYSTEM,,,APPROVED FOR USE,Arrival,40.76369094848633,-73.9783706665039,
1000001866,Crane Notice Number,76818,076818,MOBILE CRANE,C & A IRON WORKS,DANIEL@CAIRONWORKS.COM,,null,,MLOMBARDO@LOMBARDO-PE.COM,,,,,,,,,Arrival,9/26/2018 8:00:00,9/26/2018 8:00:00,,,,,,,1101,OCEAN PARKWAY,BROOKLYN,6532,1,3171322,,9/25/2018 10:18:57,9/25/2018 10:18:57,N,,SYSTEM,,,APPROVED FOR USE,Arrival,40.62160873413086,-73.96946716308594,
1000001868,Crane Notice Number,25618,025618,MOBILE CRANE,MOORE GROUP CORPORATION,GM@MOOREGROUPCORP.COM,,null,,INFO@VALJATO.COM,,,,,,,,,Arrival,9/26/2018 7:00:00,9/26/2018 7:00:00,,,,,,,139,EAST   23 STREET,MANHATTAN,879,25,1018042,,9/25/2018 12:44:21,9/25/2018 12:44:21,N,,SYSTEM,,,APPROVED FOR USE,Arrival,40.73960876464844,-73.98426818847656,
1000001975,Crane Notice Number,42018,042018,MOBILE CRANE,AGL INDUSTRIES INC,FRANKL@AGL-INDUSTRIES.COM,,null,,INFO@VALJATO.COM,,,,,,,,,Arrival,10/2/2018 7:00:00,10/2/2018 7:00:00,,,,,,,36-02,34 AVENUE,QUEENS,644,28,4611484,,10/1/2018 2:45:19,10/1/2018 2:45:19,N,,SYSTEM,,,APPROVED FOR USE,Arrival,40.75722885131836,-73.92328643798828,
1000002043,Crane Notice Number,10418,010418,MOBILE CRANE,PERMASTEELISA,T.PARADISE@PERMASTEELISAGROUP.COM,,null,,,,,,,,,,,Arrival,10/6/2018 5:00:00,10/6/2018 5:00:00,,,,,,,500,WEST   33 STREET,MANHATTAN,702,7501,1088961,,10/5/2018 12:12:11,10/5/2018 12:12:11,N,,SYSTEM,,,APPROVED FOR USE,Arrival,40.7535285949707,-74.00090026855469,
1000002079,Crane Notice Number,86818,086818,MOBILE CRANE,""E.E. CRUZ & COMPANY.  INC"",EGOMES@EECRUZ.COM,,null,,MCHAUDANSON@HISASSOC.COM,,,,,,,,,Arrival,10/9/2018 7:00:00,10/9/2018 7:00:00,,,,,,,608,WEST   40 STREET,MANHATTAN,685,42,1012276,,10/8/2018 7:42:53,10/8/2018 7:42:53,N,,SYSTEM,,,APPROVED FOR USE,Arrival,40.759910583496094,-74.00109100341797,
1000002099,Crane Notice Number,98618,098618,MOBILE CRANE,RC STRUCTURES INC,JGIESSEL@RCSTRUCTURES.COM,,null,,LKSHAPIRO@HISASSOC.COM,,,,,,,,,Arrival,10/10/2018 7:00:00,10/10/2018 7:00:00,,,,,,,301,EAST   80 STREET,MANHATTAN,1543,1,1090305,,10/8/2018 4:49:36,10/8/2018 4:49:36,N,,SYSTEM,,,APPROVED FOR USE,Arrival,40.77410888671875,-73.95408630371094,
1000002108,Crane Notice Number,81418,081418,MOBILE TOWER CRANE,""NYC CONSTRUCTORS.  LLC"",DBARLOW@NYCCONSTRUCTORS.COM,,null,,MCHAUDANSON@HISASSOC.COM,,,,,,,,,Disassembly,10/10/2018 7:00:00,,,,,2018-10-10 07:00:00.0,,,608,WEST   40 STREET,MANHATTAN,685,42,1012276,,10/9/2018 11:20:20,10/9/2018 11:20:20,N,,SYSTEM,,,APPROVED FOR USE,Disassembly,40.759910583496094,-74.00109100341797,
1000002109,Crane Notice Number,81818,081818,MOBILE CRANE,""NYC CONSTRUCTORS.  LLC"",DBARLOW@NYCCONSTRUCTORS.COM,,null,,MCHAUDANSON@HISASSOC.COM,,,,,,,,,Arrival,10/10/2018 7:00:00,10/10/2018 7:00:00,,,,,,,608,WEST   40 STREET,MANHATTAN,685,42,1012276,,10/9/2018 11:23:09,10/9/2018 11:23:09,N,,SYSTEM,,,APPROVED FOR USE,Arrival,40.759910583496094,-74.00109100341797,
1000002145,Crane Notice Number,3218,003218,MOBILE CRANE,SKYLIFT CONTRACTPOR CORP,BRAD@SKYLIFTNYC.COM,,null,,INFO@VALJATO.COM,,,,,,,,,Arrival,10/13/2018 3:00:00,10/13/2018 3:00:00,,,,,,,500,WEST   33 STREET,MANHATTAN,702,7501,1088961,,10/11/2018 7:39:38,10/11/2018 7:39:38,N,,SYSTEM,,,APPROVED FOR USE,Arrival,40.7535285949707,-74.00090026855469,
1000002192,Crane Notice Number,79918,079918,MOBILE CRANE,ROGER & SONS CONCRETE,TONY.RODRIGUES@RANDSCONCRETE.COM,,null,,MCHAUDANSON@HISASSOC.COM,,,,,,,,,Arrival,10/15/2018 7:00:00,10/15/2018 7:00:00,,,,,,,608,WEST   40 STREET,MANHATTAN,685,42,1012276,,10/13/2018 6:03:19,10/13/2018 6:03:19,N,,SYSTEM,,,APPROVED FOR USE,Arrival,40.759910583496094,-74.00109100341797,
1000002227,Crane Notice Number,54618,054618,MOBILE CRANE,STRUCTURE USA CORP,FERNANDO@STRUCTUREUSACORP.COM,,null,,INFO@VALJATO.COM,,,,,,,,,Arrival,10/16/2018 8:00:00,10/16/2018 8:00:00,,,,,,,1702,NEWKIRK AVENUE,BROOKLYN,5217,1,3120544,,10/15/2018 1:09:40,10/15/2018 1:09:40,N,,SYSTEM,,,APPROVED FOR USE,Arrival,40.63629913330078,-73.9613037109375,
1000002273,Crane Notice Number,90218,090218,MOBILE CRANE,EAGLE METALS CO,JRUSSO@EAGLEMETALSCO.COM,,null,,INFO@VALJATO.COM,,,,,,,,,Arrival,10/18/2018 7:00:00,10/18/2018 7:00:00,,,,,,,99,EINSTEIN LOOP NORTH,BRONX,5135,210,2095159,,10/17/2018 2:17:21,10/17/2018 2:17:21,N,,SYSTEM,,,APPROVED FOR USE,Arrival,40.86479949951172,-73.82288360595703,
1000002343,Crane Notice Number,98016,098016,MOBILE CRANE,U.S. CRANE & RIGGING LLC,TOM@USCRANERIGGINGLLC.COM,,null,,INFO@VALJATO.COM,,,,,,,,,Arrival,10/21/2018 12:00:00,10/21/2018 12:00:00,,,,,,,1,FLATBUSH AVENUE,BROOKLYN,2106,26,3424472,,10/20/2018 8:12:18,10/20/2018 8:12:18,N,,SYSTEM,,,APPROVED FOR USE,Arrival,40.68832015991211,-73.98017883300781,
1000002362,Crane Notice Number,62618,062618,MOBILE CRANE,""NEWBURGH IRON.  LLC"",DAURINGER@NYPRECAST.COM,,null,,NEIL@MRAENGINEERING.COM,,,,,,,,,Arrival,10/22/2018 7:00:00,10/22/2018 7:00:00,,,,,,,881,ERSKINE STREET,BROOKLYN,4586,204,3424570,,10/21/2018 10:08:03,10/21/2018 10:08:03,N,,SYSTEM,,,APPROVED FOR USE,Arrival,40.65592956542969,-73.86779022216797,
1000002366,Crane Notice Number,30718,030718,MOBILE CRANE,BOWNE TECH CONSTRUCTION CORP,APPOLLOTECHCORP@YAHOO.COM,,null,,INFO@VALJATOPC.COM,,,,,,,,,Arrival,10/23/2018 9:00:00,10/23/2018 9:00:00,,,,,,,900,NEW YORK AVENUE,BROOKLYN,4869,75,3108602,,10/21/2018 2:02:44,10/21/2018 2:02:44,N,,SYSTEM,,,APPROVED FOR USE,Arrival,40.6513786315918,-73.94705200195312,
1000002401,Crane Notice Number,101618,101618,MOBILE CRANE,ABLE RIGGING CONTRACTORS,BARRY@ABLERIGGING.COM,,null,,MCHAUDANSON@HISASSOC.COM,,,,,,,,,Arrival,10/23/2018 7:00:00,10/23/2018 7:00:00,,,,,,,295,EAST  138 STREET,BRONX,2314,15,2129115,,10/22/2018 2:49:20,10/22/2018 2:49:20,N,,SYSTEM,,,APPROVED FOR USE,Arrival,40.810569763183594,-73.92561340332031,
1000002558,Crane Notice Number,87418,087418,MOBILE CRANE,""NEWBURGH IRON.  LLC"",URBANPRECAST@AOL.COM,,null,,NEIL@MRAENGINEERING.COM,,,,,,,,,Arrival,10/30/2018 7:00:00,10/30/2018 7:00:00,,,,,,,2515,CRESTON AVENUE,BRONX,3175,26,2803496,,10/29/2018 9:42:03,10/29/2018 9:42:03,N,,SYSTEM,,,APPROVED FOR USE,Arrival,40.86330032348633,-73.89774322509766,
1000002573,Crane Notice Number,96018,096018,MOBILE CRANE,TRINCHESE IRON WORKS & CONSTRUCT,TRINCHESEMT@GMAIL.COM,,null,,JPSHAPIRO@HISASSOC.COM,,,,,,,,,Arrival,10/30/2018 7:00:00,10/30/2018 7:00:00,,,,,,,62-00,BEACH CHANNEL DRIVE,QUEENS,16015,1,4302404,,10/29/2018 4:00:58,10/29/2018 4:00:58,N,,SYSTEM,,,APPROVED FOR USE,Arrival,40.59362030029297,-73.79194641113281,
1000002611,Crane Notice Number,58218,058218,MOBILE CRANE,TRINCHESE IRON WORKS & CONSTRUCT,TRINCHESEMT@GMAIL.COM,,null,,JPSHAPIRO@HISASSOC.COM,,,,,,,,,Arrival,11/1/2018 7:00:00,11/1/2018 7:00:00,,,,,,,2721,NOSTRAND AVENUE,BROOKLYN,7666,20,3210342,,10/31/2018 11:12:18,10/31/2018 11:12:18,N,,SYSTEM,,,APPROVED FOR USE,Arrival,40.61796188354492,-73.94486999511719,
1000002621,Crane Notice Number,32018,032018,MOBILE CRANE,VESCOM SYSTEMS LLC,GREG@VESCOM-SYSTEMS.COM,,null,,JPSHAPIRO@HISASSOC.COM,,,,,,,,,Arrival,11/1/2018 9:00:00,11/1/2018 9:00:00,,,,,,,223,SPENCER STREET,BROOKLYN,1763,2,3827328,,10/31/2018 2:40:44,10/31/2018 2:40:44,N,,SYSTEM,,,APPROVED FOR USE,Arrival,40.69144058227539,-73.95430755615234,
1000002696,Crane Notice Number,112818,112818,MOBILE CRANE,A & J CIANCUILLI,GRE.GALASSO@CIANCIULLI.COM,,null,,NEIL@MRAENGINEERING.COM,,,,,,,,,Arrival,11/5/2018 7:00:00,11/5/2018 7:00:00,,,,,,,26-09,1 STREET,QUEENS,915,7501,4617681,,11/4/2018 8:22:01,11/4/2018 8:22:01,N,,SYSTEM,,,APPROVED FOR USE,Arrival,40.7764892578125,-73.9351806640625,
1000002794,Crane Notice Number,103918,103918,MOBILE CRANE,24-7 LIFTING,PAT@247LIFTING.COM,,null,,MLOMBARDO@LOMBARDO-PE.COM,,,,,,,,,Arrival,11/8/2018 9:00:00,11/8/2018 9:00:00,,,,,,,186,EAST    7 STREET,MANHATTAN,389,11,1086499,,11/7/2018 6:23:51,11/7/2018 6:23:51,N,,SYSTEM,,,APPROVED FOR USE,Arrival,40.72454833984375,-73.98085021972656,
1000002862,Crane Notice Number,121517,121517,MOBILE CRANE,VESCOM SYSTEMS LLC,GREG@VESCOM-SYSTEMS.COM,,null,,,,,,,,,,,Arrival,11/12/2018 10:00:00,11/12/2018 10:00:00,,,,,,,1084,ROGERS AVENUE,BROOKLYN,5170,31,3119118,,11/10/2018 8:11:51,11/10/2018 8:11:51,N,,SYSTEM,,,APPROVED FOR USE,Arrival,0.0,0.0,
1000002930,Crane Notice Number,32118,032118,MOBILE CRANE,VESSOM SYSTEMS LLC,GREG@VESDOM-SYSTEMS.COM,,null,,JPSHAPIRO@HISASSOC.COM,,,,,,,,,Arrival,11/13/2018 9:00:00,11/13/2018 9:00:00,,,,,,,223,SPENCER STREET,BROOKLYN,1763,2,3827328,,11/12/2018 5:29:24,11/12/2018 5:29:24,N,,SYSTEM,,,APPROVED FOR USE,Arrival,40.69144058227539,-73.95430755615234,
1000003011,Crane Notice Number,117918,117918,MOBILE CRANE,""GC STUD.  INC"",GCSTUD@YAHOO.COM,,null,,NEIL@MRAENGINEERING.COM,,,,,,,,,Arrival,11/17/2018 8:00:00,11/17/2018 8:00:00,,,,,,,71,5 AVENUE,MANHATTAN,842,42,1016068,,11/15/2018 1:28:12,11/15/2018 1:28:12,N,,SYSTEM,,,APPROVED FOR USE,Arrival,40.736358642578125,-73.99284362792969,
1000003447,Crane Notice Number,126418,126418,MOBILE CRANE,""PAPP IRON WORKS.  INC"",THOMASH@PAPPIRONWORKS.COM,,null,,NEIL@MRAENGINEERING.COM,,,,,,,,,Arrival,12/11/2018 7:00:00,12/11/2018 7:00:00,,,,,,,89,CONVENT AVENUE,MANHATTAN,1957,1,1084068,,12/10/2018 9:08:45,12/10/2018 9:08:45,N,,SYSTEM,,,APPROVED FOR USE,Arrival,40.81644821166992,-73.95113372802734,Y
1000003496,Crane Notice Number,52218,052218,MOBILE CRANE,""NEWBURGH IRON.  LLC"",URBANPRECAST@AOL.COM,,null,,NEIL@MRAENGINEERING.COM,,,,,,,,,Arrival,12/13/2018 7:00:00,12/13/2018 7:00:00,,,,,,,1560,BOONE AVENUE,BRONX,3014,15,2129027,,12/12/2018 8:54:12,12/12/2018 8:54:12,N,,SYSTEM,,,APPROVED FOR USE,Arrival,40.83361053466797,-73.88416290283203,Y
1000003526,Crane Notice Number,45418,045418,MOBILE CRANE,""FJM-FERRO.  INC"",AHOSEIN@FJMFERROINC.COM,,null,,NEIL@MRAENGINEERING.COM,,,,,,,,,Disassembly,12/14/2018 7:00:00,,,,,2018-12-14 07:00:00.0,,,2670,HYLAN BOULEVARD,STATEN ISLAND,3969,1,5168776,,12/13/2018 9:27:17,12/13/2018 9:27:17,N,,SYSTEM,,,APPROVED FOR USE,Disassembly,40.56645965576172,-74.11076354980469,
1000003649,Crane Notice Number,85318,085318,MOBILE CRANE,NEW YORK CONCRETE CORP,ECHIARELLI@NEWYORKCONCRETE.COM,,null,,HMLOKE@HMLCE.COM,,,,,,,,,Arrival,12/20/2018 3:00:00,12/20/2018 3:00:00,,,,,,,225,WEST 28 STREET,MANHATTAN,778,25,1014256,,12/18/2018 11:29:16,12/18/2018 11:29:16,N,,SYSTEM,,,APPROVED FOR USE,Arrival,40.747928619384766,-73.99449157714844,Y
1000003740,Crane Notice Number,7918,007918,MOBILE CRANE,NEW YORK PRECAST,DAURINGER@NYPRECAST.COM,,null,,INFO@VALJATO.COM,,,,,,,,,Arrival,12/27/2018 12:00:00,12/27/2018 12:00:00,,,,,,,148-10,ARCHER AVENUE,QUEENS,9998,95,4607281,,12/26/2018 8:55:12,12/26/2018 8:55:12,N,,SYSTEM,,,APPROVED FOR USE,Arrival,40.700748443603516,-73.80579376220703,Y
1000003900,Crane Notice Number,122118,122118,MOBILE CRANE,THOMAS PHOENIX INTERNATIONAL,PATATKINS@THOMASPHOENIX.COM,,null,,INFO@VALJATO.COM,,,,,,,,,Arrival,1/7/2019 7:00:00,1/7/2019 7:00:00,,,,,,,181-25,EASTERN ROAD,QUEENS,14260,70,4862660,,1/6/2019 11:14:41,1/6/2019 11:14:41,N,,SYSTEM,,,APPROVED FOR USE,Arrival,40.65456008911133,-73.7673568725586,Y
1000004038,Crane Notice Number,19317,019317,TOWER CRANE - INT CLIMBING MECHANISM,US CRANE AND RIGGING LLC,TOM@USCRANERIGGINGLLC.COM,,null,,INFO@VALJATOPC.COM,,,,,,,,,Arrival,1/12/2019 7:00:00,1/12/2019 7:00:00,,,,,,,147-40,ARCHER AVENUE,QUEENS,9998,91,4214004,,1/11/2019 3:39:27,1/11/2019 3:39:27,N,,SYSTEM,,,APPROVED FOR INSTALLATION,Arrival,40.700538635253906,-73.80679321289062,Y
1000004063,Crane Notice Number,120718,120718,MOBILE CRANE,""NEWBURGH IRON.  LLC"",URBANPRECAST@AOL.COM,,null,,NEIL@MRAENGINEERING.COM,,,,,,,,,Arrival,1/14/2019 7:00:00,1/14/2019 7:00:00,,,,,,,911,ERSKINE STREET,BROOKLYN,4586,500,3421880,,1/13/2019 11:59:48,1/13/2019 11:59:48,N,,SYSTEM,,,APPROVED FOR USE,Arrival,40.653961181640625,-73.86679077148438,Y
1000004087,Crane Notice Number,104018,104018,DERRICK,ABLE RIGGING CONTRACTORS,BLACHAPELLE@ABLERIGGING.COM,,null,,PYUSKEVICH@HISASSOC.COM,,,,,,,,,Arrival,1/16/2019 7:00:00,1/16/2019 7:00:00,,,,,,,53,WEST   53 STREET,MANHATTAN,1269,6,1090777,,1/14/2019 9:53:12,1/14/2019 9:53:12,N,,SYSTEM,,,APPROVED FOR INSTALLATION,Arrival,40.76171875,-73.97834014892578,Y
1000004280,Crane Notice Number,64618,064618,MOBILE CRANE,FJM-FERRO INC,AHOSEIN@FJMFERROINC.COM,,null,,NEIL@MRAENGINEERING.COM,,,,,,,,,Disassembly,1/22/2019 7:00:00,,,,,2019-01-22 07:00:00.0,,,2670,HYLAN BOULEVARD,STATEN ISLAND,3969,1,5168776,,1/21/2019 3:16:08,1/21/2019 3:16:08,N,,SYSTEM,,,APPROVED FOR USE,Disassembly,40.56645965576172,-74.11076354980469,
1000004463,Crane Notice Number,108318,108318,MOBILE CRANE,ABLE RIGGING CONTRACTORS,BLACHAPELLE@ABLERIGGING.COM,,null,,MCHAUDANSON@HISASSOC.COM,,,,,,,,,Arrival,2/2/2019 7:00:00,2/2/2019 7:00:00,,,,,,,53,WEST   53 STREET,MANHATTAN,1269,6,1090777,,1/31/2019 12:44:08,1/31/2019 12:44:08,N,,SYSTEM,,,APPROVED FOR USE,Arrival,40.76171875,-73.97834014892578,Y
1000004924,Crane Notice Number,9219,009219,MOBILE CRANE,ENCLOS CORP,FRANK.COLLETTA@FORCEINSTALLATION.COM,,null,,PETER@STROHENGINEERING.COM,,,,,,,,,Arrival,2/21/2019 7:00:00,2/21/2019 7:00:00,,,,,,,531,EAST   73 STREET,MANHATTAN,1485,15,1090713,,2/20/2019 11:51:54,2/20/2019 11:51:54,N,,SYSTEM,,,APPROVED FOR USE,Arrival,40.76702117919922,-73.95104217529297,Y
1000005246,Crane Notice Number,14819,014819,MOBILE CRANE,""GENETECH BUILDING SYSTEMS.  INC"",MTEDESCO@GENETECHSYS.COM,,null,,PETER@STROHENGINEERING.COM,,,,,,,,,Arrival,3/7/2019 6:00:00,3/7/2019 6:00:00,,,,,,,34,NORTH LOOP ROAD,MANHATTAN,1373,60,1090298,,3/6/2019 7:46:52,3/6/2019 7:46:52,N,,SYSTEM,,,APPROVED FOR USE,Arrival,40.755489349365234,-73.95623016357422,Y
1000005280,Crane Notice Number,68718,068718,TOWER CRANE - EXT CLIMBING MECHANISM,SKY MATERIALS CORP,MICHAEL@SKYMATERIALS.COM,,null,,INFO@VALJATO.COM,,,,,,,,,Assembly,3/9/2019 4:00:00,,,,2019-03-09 04:00:00.0,,,,140,WEST   24 STREET,MANHATTAN,799,63,1090646,,3/7/2019 9:59:27,3/7/2019 9:59:27,N,,SYSTEM,,,APPROVED FOR INSTALLATION,Assembly,40.74415969848633,-73.99430847167969,Y
1000005282,Crane Notice Number,121518,121518,TOWER CRANE - EXT CLIMBING MECHANISM,ROGER & SONS CONCRETE INC,TONY.RODRIGUES@RSCCONCRETE.COM,,null,,INFO@VALJATO.COM,,,,,,,,,Assembly,3/9/2019 5:00:00,,,,2019-03-09 05:00:00.0,,,,25,WEST   28 STREET,MANHATTAN,830,24,1090462,,3/7/2019 10:25:32,3/7/2019 10:25:32,N,,SYSTEM,,,APPROVED FOR INSTALLATION,Assembly,40.74544906616211,-73.98908996582031,Y
1000005392,Crane Notice Number,132218,132218,MOBILE CRANE,PERMASTEELISA,T.PARADISE@PERMASTEELISAGROUP.COM,,null,,LKSHAPIRO@HISASSOC.COM,,,,,,,,,Arrival,3/13/2019 7:00:00,3/13/2019 7:00:00,,,,,,,421,PARK AVENUE,MANHATTAN,1310,1,1036505,,3/12/2019 10:34:16,3/12/2019 10:34:16,N,,SYSTEM,,,APPROVED FOR USE,Arrival,40.76042938232422,-73.97103881835938,Y
1000005466,Crane Notice Number,25019,025019,MOBILE CRANE,CLASS IRON DESIGNS INC,CLASSIRONDESIGNS@YAHOO.COM,,null,,HMLOKE@HMLCE.COM,,,,,,,,,Arrival,3/15/2019 9:00:00,3/15/2019 9:00:00,,,,,,,110,THATFORD AVENUE,BROOKLYN,3522,27,3418410,,3/14/2019 6:42:25,3/14/2019 6:42:25,N,,SYSTEM,,,APPROVED FOR USE,Arrival,40.66902160644531,-73.90997314453125,Y
1000006069,Crane Notice Number,14019,014019,MOBILE CRANE,U.S. CRANE & RIGGING LLC,INFO@USCRNYC.COM,,null,,NEIL@MRAENGINEERING.COM,,,,,,,,,Arrival,4/6/2019 6:00:00,4/6/2019 6:00:00,,,,,,,615,10 AVENUE,MANHATTAN,1073,28,1090444,,4/5/2019 12:06:15,4/5/2019 12:06:15,N,,SYSTEM,,,APPROVED FOR USE,Arrival,40.76137924194336,-73.99463653564453,Y
1000006395,Crane Notice Number,6019,006019,MOBILE CRANE,RNC INDUSTRIES,ROB@RNCNEWYORK.COM,,null,,MLOMBARDO@LOMBARDO-PE.COM,,,,,,,,,Arrival,4/19/2019 7:00:00,4/19/2019 7:00:00,,,,,,,460,MAIN STREET,MANHATTAN,1373,9,1088859,,4/18/2019 9:36:05,4/18/2019 9:36:05,N,,SYSTEM,,,APPROVED FOR USE,Arrival,40.7590217590332,-73.95118713378906,Y
1000006413,Crane Notice Number,21919,021919,MOBILE CRANE,FPL STEEL GROUP,FRANKL@FPLSTEELGROUP.COM,,null,,NEIL@MRAENGINEERING.COM,,,,,,,,,Arrival,4/19/2019 8:00:00,4/19/2019 8:00:00,,,,,,,197,10 AVENUE,MANHATTAN,693,37,1078397,,4/18/2019 3:42:18,4/18/2019 3:42:18,N,,SYSTEM,,,APPROVED FOR USE,Arrival,40.74700927734375,-74.0050277709961,Y
1000006440,Crane Notice Number,91517,091517,MOBILE CRANE,""NEWBURGH IRON.  LLC"",DAURINGER@NYPRECAST.COM,,null,,NEIL@MRAENGINEERING.COM,,,,,,,,,Arrival,4/23/2019 6:00:00,4/23/2019 6:00:00,,,,,,,1465,PARK AVENUE,MANHATTAN,1635,16,1090142,,4/22/2019 6:49:59,4/22/2019 6:49:59,N,,SYSTEM,,,APPROVED FOR USE,Arrival,40.793678283691406,-73.94644165039062,Y
1000006725,Crane Notice Number,89517,089517,MOBILE CRANE,US CRANE & RIGGING,TOM@USCRANERIGGINGLLC.COM,,null,,IMNFO@VALJATO.COM,,,,,,,,,Arrival,5/4/2019 12:00:00,5/4/2019 12:00:00,,,,,,,422,FULTON STREET,BROOKLYN,156,7502,3335899,,5/3/2019 6:53:38,5/3/2019 6:53:38,N,,SYSTEM,,,APPROVED FOR USE,Arrival,40.69028854370117,-73.98603820800781,Y
1000006726,Crane Notice Number,89417,089417,MOBILE CRANE,US CRANE & RIGGING,TOM@USCRANERIGGINGLLC.COM,,null,,INFO@VALJATO.COM,,,,,,,,,Arrival,5/4/2019 12:00:00,5/4/2019 12:00:00,,,,,,,422,FULTON STREET,BROOKLYN,156,7502,3335899,,5/3/2019 6:54:17,5/3/2019 6:54:17,N,,SYSTEM,,,APPROVED FOR USE,Arrival,40.69028854370117,-73.98603820800781,Y
1000006819,Crane Notice Number,13319,013319,MOBILE CRANE,""METROPOLITAN WALTERS.  LLC"",DAP@MW-NY.COM,,null,,NEIL@MRAENGINEERING.COM,,,,,,,,,Arrival,5/7/2019 8:00:00,5/7/2019 8:00:00,,,,,,,2,PENN PLAZA,MANHATTAN,781,2,1083026,,5/6/2019 1:24:14,5/6/2019 1:24:14,N,,SYSTEM,,,APPROVED FOR USE,Arrival,40.74998092651367,-73.99212646484375,Y
1000006829,Crane Notice Number,115317,115317,MOBILE CRANE,BROADWAY STAGES,CLAUDIO@BROADWAY-STAGES.COM,,null,,INFO@VALJATOPC.COM,,,,,,,,,Arrival,5/7/2019 7:00:00,5/7/2019 7:00:00,,,,,,,277,MONITOR STREET,BROOKLYN,2607,6,3332279,,5/6/2019 5:56:55,5/6/2019 5:56:55,N,,SYSTEM,,,APPROVED FOR USE,Arrival,40.72993087768555,-73.94371795654297,Y
1000006841,Crane Notice Number,79418,079418,MOBILE CRANE,""NEWBURGH IRON.  LLC"",URBANPRECAST@AOL.COM,,null,,NEIL@MRAENGINEERING.COM,,,,,,,,,Arrival,5/8/2019 6:00:00,5/8/2019 6:00:00,,,,,,,600,BERGEN AVENUE,BRONX,2361,1,2127129,,5/7/2019 11:29:41,5/7/2019 11:29:41,N,,SYSTEM,,,APPROVED FOR USE,Arrival,40.816688537597656,-73.91470336914062,Y
1000006925,Crane Notice Number,78817,078817,TOWER CRANE - EXT CLIMBING MECHANISM,TRIDENT CONSTRUCTION,JOHN.KUEFNER@TRIDENT.CONSTRUCTION,,null,,LKSHAPIRO@HISASSOC.COM,,,,,,,,,Disassembly,5/11/2019 12:01:00,,,,,2019-05-11 00:01:00.0,,,1,CLINTON STREET,BROOKLYN,239,16,3421378,,5/9/2019 4:39:23,5/9/2019 4:39:23,N,,SYSTEM,,,APPROVED FOR USE,Disassembly,40.69567108154297,-73.9914321899414,
1000007242,Crane Notice Number,57418,057418,TOWER CRANE - EXT CLIMBING MECHANISM,HUDSON YARDS CONSTRUCTION II,LOTFALLA@RELATED.COM,,null,,VALENTINC@HISASSOC.COM,,,,,,,,,Assembly,5/28/2019 7:00:00,,,,2019-05-28 07:00:00.0,,,,415,10 AVENUE,MANHATTAN,705,39,1012463,,5/26/2019 1:59:13,5/26/2019 1:59:13,N,,SYSTEM,,,APPROVED FOR INSTALLATION 05/23/2019,Assembly,40.754539489746094,-74.00010681152344,Y
1000007398,Crane Notice Number,46019,046019,MOBILE CRANE,FISHER TANK COMPANY,MGOLDBERG@FISHERTANK.COM,,null,,MCHAUDANSON@HISASSOC.COM,,,,,,,,,Arrival,6/3/2019 7:00:00,6/3/2019 7:00:00,,,,,,,36-20,VERNON BOULEVARD,QUEENS,357,1,4004351,,6/1/2019 8:39:25,6/1/2019 8:39:25,N,,SYSTEM,,,APPROVED FOR USE 05/20/2019,Arrival,40.76026916503906,-73.94532775878906,Y
1000007497,Crane Notice Number,19219,019219,TOWER CRANE - EXT CLIMBING MECHANISM,LONG ISLAND CONCRETE,MABRUZZI@LONGISLANDCONCRETE.NET,,null,,SRYAN@HISASSOC.COM,,,,,,,,,Assembly,6/8/2019 12:00:00,,,,2019-06-08 00:00:00.0,,,,440,WEST   33 STREET,MANHATTAN,729,61,1089974,,6/6/2019 8:10:00,6/6/2019 8:10:00,N,,SYSTEM,,,APPROVED FOR INSTALLATION 05/24/2019,Assembly,40.75297927856445,-73.99859619140625,Y
1000007822,Crane Notice Number,44919,044919,MOBILE CRANE,""BEEZE NATIONAL.  INC"",TL@BREEZEDEMOLITION.COM,,null,,NEIL@MRAENGINEERING.COM,,,,,,,,,Arrival,6/22/2019 7:00:00,6/22/2019 7:00:00,,,,,,,532,WASHINGTON STREET,MANHATTAN,596,7502,1010356,,6/21/2019 9:17:58,6/21/2019 9:17:58,N,,SYSTEM,,,APPROVED FOR USE 06/20/2019,Arrival,40.728580474853516,-74.00997924804688,Y
1000007841,Crane Notice Number,23619,023619,TOWER CRANE - EXT CLIMBING MECHANISM,""PINNACLE INDUSTRIES II.  LLC"",BMANNINO@PINNACLE2.COM,,null,,RFITZPATRICK@HISASSOC.COM,,,,,,,,,Assembly,6/22/2019 5:00:00,,,,2019-06-22 05:00:00.0,,,,151,WEST   48 STREET,MANHATTAN,1001,6,1090733,,6/21/2019 12:44:46,6/21/2019 12:44:46,N,,SYSTEM,,,APPROVED FOR INSTALLATION 05/23/2019,Assembly,40.759620666503906,-73.98309326171875,Y
1000007883,Crane Notice Number,24319,024319,MOBILE CRANE,STONEBRIDGE STEEL ERECTION,JRFALCONE@STONEBRIDGESE.COM,,null,,HMLOKE@HMLCE.COM,,,,,,,,,Arrival,6/25/2019 7:00:00,6/25/2019 7:00:00,,,,,,,2619,OCEAN PARKWAY,BROOKLYN,7239,1,3425771,,6/24/2019 7:53:26,6/24/2019 7:53:26,N,,SYSTEM,,,APPROVED FOR USE 03/18/2019,Arrival,40.58565139770508,-73.9648666381836,Y
1000008051,Crane Notice Number,37919,037919,MOBILE CRANE,GENETECH BUILDING SYSTEMS,MTEDESCO@GENETECHSYS.COM,,null,,MCHAUDANSON@HISASSOC.COM,,,,,,,,,Arrival,7/2/2019 6:00:00,7/2/2019 6:00:00,,,,,,,505,6 STREET,BROOKLYN,1084,39,3414197,,7/1/2019 11:53:36,7/1/2019 11:53:36,N,,SYSTEM,,,APPROVED FOR USE 05/20/2019,Arrival,40.66815948486328,-73.97817993164062,Y
1000008183,Crane Notice Number,46619,046619,MOBILE CRANE,OSCAR'S GATES & IRON WORKS INC,OSCARIRONWORKS@YAHOO.COM,,null,,MLOMBARDO@LOMBARDO-PE.COM,,,,,,,,,Arrival,7/10/2019 12:30:00,7/10/2019 12:30:00,,,,,,,124,ERASMUS STREET,BROOKLYN,5108,20,3117317,,7/9/2019 4:00:01,7/9/2019 4:00:01,N,,SYSTEM,,,APPROVED FOR USE 05/21/2019,Arrival,40.64944839477539,-73.95147705078125,Y
1000008422,Crane Notice Number,133218,133218,TOWER CRANE - EXT CLIMBING MECHANISM,STONEBRIDGE STEEL ERECTION,JRFALCONE@STONEBRIDGESE.COM,,null,,HMLOKE@HMLCE.COM,,,,,,,,,Assembly,7/22/2019 7:00:00,,,,2019-07-22 07:00:00.0,,,,2619,OCEAN PARKWAY,BROOKLYN,7239,1,3425771,,7/20/2019 9:51:45,7/20/2019 9:51:45,N,,SYSTEM,,,APPROVED FOR INSTALLATION 07/15/2019,Assembly,40.58565139770508,-73.9648666381836,Y
1000008442,Crane Notice Number,114718,114718,MOBILE CRANE,C&A IRON WORKS,DANIEL@CAIRONWORKS.COM,,null,,MLOMBARDO@LOMBARDO-PE.COM,,,,,,,,,Arrival,7/23/2019 8:00:00,7/23/2019 8:00:00,,,,,,,630,EAST NEW YORK AVENUE,BROOKLYN,4794,20,3106594,,7/22/2019 8:08:02,7/22/2019 8:08:02,N,,SYSTEM,,,APPROVED FOR USE 05/14/2019,Arrival,40.66188049316406,-73.94170379638672,Y
1000008562,Crane Notice Number,31519,031519,MOBILE CRANE,RNC INDUSTRIES LLC,ONAVIS@RNCNEWYORK.COM,,null,,NEIL@MRAENGINEERING.COM,,,,,,,,,Arrival,7/29/2019 7:00:00,7/29/2019 7:00:00,,,,,,,2926,WEST   19 STREET,BROOKLYN,7060,19,3426189,,7/28/2019 3:05:45,7/28/2019 3:05:45,N,,SYSTEM,,,APPROVED FOR USE 04/08/2019,Arrival,40.57572937011719,-73.98623657226562,Y
1000008606,Crane Notice Number,50019,050019,MOBILE CRANE,W&W STEEL ERECTORS LLC,GPOLANIN@WWAFCOSTEEL.COM,,null,,MCHAUDANSON@HISASSOC.COM,,,,,,,,,Arrival,7/31/2019 7:30:00,7/31/2019 7:30:00,,,,,,,413,10 AVENUE,MANHATTAN,705,39,1090658,,7/30/2019 7:10:02,7/30/2019 7:10:02,N,,SYSTEM,,,APPROVED FOR USE 06/13/2019,Arrival,40.754539489746094,-74.00010681152344,Y
1000008624,Crane Notice Number,25719,025719,MOBILE CRANE,CORE INSTALLATION,DTERPSTRA@COREINSTALLATION.COM,,null,,MCHAUDANSON@HISASSOC.COM,,,,,,,,,Arrival,7/31/2019 7:00:00,7/31/2019 7:00:00,,,,,,,545,WEST   30 STREET,MANHATTAN,702,7502,1089411,,7/30/2019 3:51:58,7/30/2019 3:51:58,N,,SYSTEM,,,APPROVED FOR USE 05/30/2019,Arrival,40.75326919555664,-74.00283813476562,Y
1000008768,Crane Notice Number,56319,056319,MOBILE CRANE,NEWBURGH IRON LLC,URBANPRECAST@AOL.COM,,null,,NEIL@MRAENGINEERING.COM,,,,,,,,,Arrival,8/6/2019 7:00:00,8/6/2019 7:00:00,,,,,,,19-15,NAMEOKE AVENUE,QUEENS,15536,12,4618927,,8/5/2019 1:25:21,8/5/2019 1:25:21,N,,SYSTEM,,,APPROVED FOR USE 08/05/2019,Arrival,40.60655975341797,-73.75093841552734,Y
1000008895,Crane Notice Number,59319,059319,MOBILE CRANE,EJM CONSULTING LLC,MARK@EJMCRANE.COM,,null,,NEIL@MRAENGINEERING.COM,,,,,,,,,Arrival,8/11/2019 6:00:00,8/11/2019 6:00:00,,,,,,,526,WEST   28 STREET,MANHATTAN,699,0,1090205,,8/10/2019 1:23:05,8/10/2019 1:23:05,N,,SYSTEM,,,APPROVED FOR USE 07/31/2019,Arrival,40.75109100341797,-74.0034408569336,Y
1000008978,Crane Notice Number,134418,134418,TOWER CRANE - EXT CLIMBING MECHANISM,MONCON INC,SMCKERNAN@MONCONINC.COM,,null,,PGONZALEZ@HISASSOC.COM,,,,,,,,,Tower Crane Foundation Pour,8/14/2019 2:00:00,,,2019-08-14 14:00:00.0,,,,,368,3 AVENUE,MANHATTAN,882,48,1090457,,8/13/2019 4:22:45,8/13/2019 4:22:45,N,,SYSTEM,,,TC FOUNDATION ACCEPTED 06/24/2019,Tower Crane Foundation Pour,40.741241455078125,-73.98182678222656,
1000009184,Crane Notice Number,70619,070619,MOBILE CRANE,RAY BUILDERS,JACOB@RAYCONSTRUCTION.NET,,null,,MLOMBARDO@LOMBARDO-PE.COM,,,,,,,,,Arrival,8/22/2019 7:00:00,8/22/2019 7:00:00,,,,,,,161,MAIDEN LANE,MANHATTAN,72,7502,1090257,,8/21/2019 5:07:18,8/21/2019 5:07:18,N,,SYSTEM,,,APPROVED FOR USE 07/30/2019,Arrival,40.705501556396484,-74.00476837158203,Y
1000009251,Crane Notice Number,65519,065519,MOBILE CRANE,URBAN FOUNDATION/ENGINEERING LLC,MFISKIN@URBANFE.COM,,null,,MFISKIN@URBANFE.COM,,,,,,,,,Arrival,8/26/2019 7:00:00,8/26/2019 7:00:00,,,,,,,18,6 AVENUE,BROOKLYN,1118,4,3426300,,8/24/2019 6:56:50,8/24/2019 6:56:50,N,,SYSTEM,,,APPROVED FOR USE 07/18/2019,Arrival,40.68272018432617,-73.97416687011719,Y
1000009355,Crane Notice Number,31919,031919,MOBILE CRANE,STONEBRIDGE STEEL ERECTION,JFALCONE@STONEBRIDGESE.COM,,null,,MCHAUDANSON@HISASSOC.COM,,,,,,,,,Assembly,8/30/2019 6:00:00,,,,2019-08-30 06:00:00.0,,,,39,VESEY ST,MANHATTAN,58,1,1081985,,8/29/2019 9:58:15,8/29/2019 9:58:15,N,,SYSTEM,,,APPROVED FOR INSTALLATION 08/19/2019,Assembly,40.711639404296875,-74.01233673095703,Y
1000009371,Crane Notice Number,17019,017019,TOWER CRANE - EXT CLIMBING MECHANISM,NORTHSTAR CONTRACTING GROUP INC,EKING@NORTHSTAR.COM,,null,,PGONZALEZ@HISASSOC.COM,,,,,,,,,Assembly,8/30/2019 11:45:00,,,,2019-08-30 23:45:00.0,,,,270,PARK AVENUE,MANHATTAN,1283,21,1035421,,8/29/2019 3:54:10,8/29/2019 3:54:10,N,,SYSTEM,,,APPROVED FOR INSTALLATION 06/21/2019,Assembly,40.7559814453125,-73.97599029541016,Y
1000009464,Crane Notice Number,43619,043619,MOBILE CRANE,C&A IRON WORKS,DANIEL@CAIRONWORKS.COM,,null,,MLOMBARDO@LOMBARDO-PE.COM,,,,,,,,,Arrival,9/5/2019 9:00:00,9/5/2019 9:00:00,,,,,,,55-01,MYRTLE AVENUE,QUEENS,3450,2,4082408,,9/4/2019 7:00:01,9/4/2019 7:00:01,N,,SYSTEM,,,APPROVED FOR USE 05/15/2019,Arrival,40.700069427490234,-73.9085693359375,Y
1000009523,Crane Notice Number,120518,120518,MOBILE CRANE,PERMASTEELISA,T.PARADISE@PERMASTEELISAGROUP.COM,,null,,LKSHAPIRO@HISASSOC.COM,,,,,,,,,Arrival,9/9/2019 7:00:00,9/9/2019 7:00:00,,,,,,,421,PARK AVENUE,MANHATTAN,1310,1,1036505,,9/7/2019 10:53:32,9/7/2019 10:53:32,N,,SYSTEM,,,APPROVED FOR USE 08/19/2019,Arrival,40.76042938232422,-73.97103881835938,Y
1000009577,Crane Notice Number,76019,076019,MOBILE CRANE,SOUTH SHORE CONSTRUCTION SERVICE,WVANZ@SSCC-NY.COM,,null,,MCHAUDANSON@HISASSOC.COM,,,,,,,,,Arrival,9/11/2019 7:00:00,9/11/2019 7:00:00,,,,,,,614,WEST  131 STREET,MANHATTAN,1997,1,1090647,,9/10/2019 10:06:09,9/10/2019 10:06:09,N,,SYSTEM,,,APPROVED FOR INSTALLATION 09/05/2019,Arrival,40.8178596496582,-73.9586181640625,Y
1000009703,Crane Notice Number,24019,024019,MOBILE CRANE,SKY MATERIALS CORP,MICHAEL@SKYMATERIALSCORP.COM,,null,,INFO@VALJATO.COM,,,,,,,,,Disassembly,9/15/2019 12:01:00,,,,,2019-09-15 00:01:00.0,,,228,WEST  126 STREET,MANHATTAN,1931,17,1058657,,9/14/2019 2:39:14,9/14/2019 2:39:14,N,,SYSTEM,,,APPROVED FOR USE 03/19/2019,Disassembly,40.809959411621094,-73.9493637084961,
1000010056,Crane Notice Number,9719,009719,MOBILE CRANE,RNC INDUSTRIES,ROB@RNCNEWYORK.COM,,null,,INFO@VALJATO.COM,,,,,,,,,Arrival,9/30/2019 7:00:00,9/30/2019 7:00:00,,,,,,,92-23,168 STREET,QUEENS,10209,115,4617186,,9/28/2019 1:49:57,9/28/2019 1:49:57,N,,SYSTEM,,,APPROVED FOR USE 09/23/2019,Arrival,40.705589294433594,-73.79165649414062,Y
1000010152,Crane Notice Number,38718,038718,MOBILE CRANE,PERMASTEELISA,T.PARADISE@PERMASTEELISAGROUP.COM,,null,,MCHAUDANSON@HISASSOC.COM,,,,,,,,,Arrival,10/4/2019 7:00:00,10/4/2019 7:00:00,,,,,,,138,WILLOUGHBY STREET,BROOKLYN,149,1,3396962,,10/3/2019 7:38:28,10/3/2019 7:38:28,N,,SYSTEM,,,APPROVED FOR USE 09/06/2019,Arrival,40.691810607910156,-73.98298645019531,Y
1000010171,Crane Notice Number,57819,057819,MOBILE CRANE,URBAN FOUNDATION ENGINEERING LLC,MFISKIN@URBANFE.COM,,null,,MFISKIN@URBANFE.COM,,,,,,,,,Arrival,10/4/2019 7:00:00,10/4/2019 7:00:00,,,,,,,150,EAST   78 STREET,MANHATTAN,1412,52,1091568,,10/3/2019 11:22:41,10/3/2019 11:22:41,N,,SYSTEM,,,APPROVED FOR USE 08/26/2019,Arrival,40.77402877807617,-73.95929718017578,Y
1000010734,Crane Notice Number,16519,016519,MOBILE CRANE,""NEWBURGH IRON.  LLC"",URBANPRECAST@AOL.COM,,null,,NEIL@MRAENGINEERING.COM,,,,,,,,,Arrival,10/29/2019 7:00:00,10/29/2019 7:00:00,,,,,,,2858,LINDEN BOULEVARD,BROOKLYN,4496,29,3425088,,10/28/2019 12:44:56,10/28/2019 12:44:56,N,,SYSTEM,,,APPROVED FOR USE 06/13/2019,Arrival,40.670040130615234,-73.85868835449219,Y
1000010775,Crane Notice Number,43219,043219,TOWER CRANE - EXT CLIMBING MECHANISM,RC STRUCTURES INC,JGIESSEL@RCSTRUCTURES.COM,,null,,PETER@STROHENGINEERING.COM,,,,,,,,,Tower Crane Foundation Pour,10/30/2019 1:00:00,,,2019-10-30 13:00:00.0,,,,,2006,SURF AVENUE,BROOKLYN,7072,2,3424222,,10/29/2019 4:05:33,10/29/2019 4:05:33,N,,SYSTEM,,,TC FOUNDATION ACCEPTED 08/07/2019,Tower Crane Foundation Pour,40.57439041137695,-73.98684692382812,
1000010796,Crane Notice Number,90219,090219,MOBILE CRANE,JOHN CIVETTA & SONS INC,TCIVETTAJR@CIVETTA.COM,,null,,JSCHELD@HISASSOC.COM,,,,,,,,,Arrival,10/31/2019 5:00:00,10/31/2019 5:00:00,,,,,,,270,PARK AVENUE,MANHATTAN,1283,21,1035421,,10/30/2019 4:41:44,10/30/2019 4:41:44,N,,SYSTEM,,,APPROVED FOR USE 10/17/2019,Arrival,40.7559814453125,-73.97599029541016,Y
1000010830,Crane Notice Number,121917,121917,TOWER CRANE - EXT CLIMBING MECHANISM,CROSS COUNTRY CONSTRUCTION LLC,TCOSTIGAN@XCCLLC.COM,,null,,INFO@VALJATOPC.COM,,,,,,,,,Disassembly,11/2/2019 5:00:00,,,,,2019-11-02 05:00:00.0,,,32,TRINITY PLACE,MANHATTAN,19,13,1000797,,10/31/2019 3:18:16,10/31/2019 3:18:16,N,,SYSTEM,,,APPROVED FOR USE 09/17/2019,Disassembly,40.707359313964844,-74.01358032226562,
1000010863,Crane Notice Number,37319,037319,MOBILE CRANE,A.J. MCNULTY & COMAPNY INC,ROBERT@AJMCNULTY.COM,,null,,MCHAUDANSON@HISASSOC.COM,,,,,,,,,Arrival,11/2/2019 12:00:00,11/2/2019 12:00:00,,,,,,,52-41,CENTER BOULEVARD,QUEENS,6,165,4617913,,11/1/2019 4:02:52,11/1/2019 4:02:52,N,,SYSTEM,,,APPROVED FOR USE 06/24/2019,Arrival,40.741390228271484,-73.96016693115234,Y
1000010917,Crane Notice Number,35319,035319,MOBILE CRANE,""NEWBURGH IRON.  LLC"",URBANPRECAST@AOL.COM,,null,,NEIL@MRAENGINEERING.COM,,,,,,,,,Arrival,11/5/2019 7:00:00,11/5/2019 7:00:00,,,,,,,5,WEST  118 STREET,MANHATTAN,1717,28,1090710,,11/4/2019 9:23:29,11/4/2019 9:23:29,N,,SYSTEM,,,APPROVED FOR USE 07/15/2019,Arrival,40.80244827270508,-73.94605255126953,Y
1000011018,Crane Notice Number,99519,099519,DERRICK,ABLE RIGGING INC,BOBBY@ABLERIGGING.COM,,null,,INFO@VALJATO.COM,,,,,,,,,Arrival,11/9/2019 6:00:00,11/9/2019 6:00:00,,,,,,,991,8 AVENUE,MANHATTAN,1049,7501,1026318,,11/7/2019 3:48:33,11/7/2019 3:48:33,N,,SYSTEM,,,APPROVED FOR INSTALLATION 11/06/2019,Arrival,40.768470764160156,-73.98309326171875,Y
1000011019,Crane Notice Number,99519,099519,DERRICK,ABLE RIGGING INC,BOBBY@ABLERIGGING.COM,,null,,INFO@VALJATO.COM,,,,,,,,,Arrival,11/9/2019 6:00:00,11/9/2019 6:00:00,,,,,,,991,8 AVENUE,MANHATTAN,1049,7501,1026318,,11/7/2019 3:48:33,11/7/2019 3:48:33,N,,SYSTEM,,,APPROVED FOR INSTALLATION 11/06/2019,Arrival,40.768470764160156,-73.98309326171875,Y
1000011060,Crane Notice Number,79118,079118,TOWER CRANE - EXT CLIMBING MECHANISM,PARK AVENUE CONCRETE,BRIANW@PARKAVENUECONCRETE.COM,,null,,INFO@VALJATO.COM,,,,,,,,,Disassembly,11/9/2019 7:00:00,,,,,2019-11-09 07:00:00.0,,,198,BROOME STREET,MANHATTAN,346,150,1089905,,11/8/2019 2:55:25,11/8/2019 2:55:25,N,,SYSTEM,,,APPROVED FOR USE 09/16/2019,Disassembly,40.71723175048828,-73.98724365234375,
1000011305,Crane Notice Number,23319,023319,MOBILE CRANE,METROPOLITAN WALTERS LLC,DAP@MW-NY.COM,,null,,EHELT@MGMCLAREN.COM,,,,,,,,,Arrival,11/19/2019 9:00:00,11/19/2019 9:00:00,,,,,,,401,WEST   31 STREET,MANHATTAN,729,51,1089694,,11/18/2019 11:36:17,11/18/2019 11:36:17,N,,SYSTEM,,,APPROVED FOR USE 11/14/2019,Arrival,40.75209045410156,-73.99796295166016,Y
1000011390,Crane Notice Number,65019,065019,TOWER CRANE - EXT CLIMBING MECHANISM,""CROSS COUNTRY CONSTRUCTION.  LLC"",TCOSTIGAN@XCCLLC.COM,,null,,INFO@VALJATO.COM,,,,,,,,,Assembly,11/23/2019 7:30:00,,,,2019-11-23 07:30:00.0,,,,196,WILLOUGHBY STREET,BROOKLYN,2085,75,3426373,,11/21/2019 2:31:37,11/21/2019 2:31:37,N,,SYSTEM,,,APPROVED FOR INSTALLATION 11/08/2019,Assembly,40.691951751708984,-73.97997283935547,Y
1000011452,Crane Notice Number,82519,082519,MOBILE CRANE,JC STEEL CORP,KRIS@JCSTEEL.NET,,null,,PETER@STROHENGINEERING.COM,,,,,,,,,Arrival,11/26/2019 7:00:00,11/26/2019 7:00:00,,,,,,,59-02,BORDEN AVENUE,QUEENS,2657,40,4059718,,11/24/2019 10:57:36,11/24/2019 10:57:36,N,,SYSTEM,,,APPROVED FOR USE 10/07/2019,Arrival,40.72705841064453,-73.90931701660156,Y
1000011453,Crane Notice Number,82519,082519,MOBILE CRANE,JC STEEL CORP,KRIS@JCSTEEL.NET,,null,,PETER@STROHENGINEERING.COM,,,,,,,,,Arrival,11/26/2019 7:00:00,11/26/2019 7:00:00,,,,,,,59-02,BORDEN AVENUE,QUEENS,2657,40,4059718,,11/24/2019 10:57:36,11/24/2019 10:57:36,N,,SYSTEM,,,APPROVED FOR USE 10/07/2019,Arrival,40.72705841064453,-73.90931701660156,Y
1000011454,Crane Notice Number,82219,082219,MOBILE CRANE,JC STEEL CORP,KRIS@JCSTEEL.NET,,null,,PETER@STROHENGINEERING.COM,,,,,,,,,Disassembly,11/26/2019 7:00:00,,,,,2019-11-26 07:00:00.0,,,59-02,BORDEN AVENUE,QUEENS,2657,40,4059718,,11/24/2019 10:58:23,11/24/2019 10:58:23,N,,SYSTEM,,,APPROVED FOR USE 11/15/2019,Disassembly,40.72705841064453,-73.90931701660156,
1000011636,Crane Notice Number,102019,102019,MOBILE CRANE,UNDERPINNING&FOUNDATION SKANSKA,THOMAS.TROCHALIDES@SKANSKA.COM,,null,,KEVIN.ONEILL@SIEFERTASSOCIATES.COM,,,,,,,,,Arrival,12/5/2019 7:00:00,12/5/2019 7:00:00,,,,,,,2505,BRUCKNER BOULEVARD,BRONX,5293,1,2072579,,12/4/2019 2:19:59,12/4/2019 2:19:59,N,,SYSTEM,,,APPROVED FOR USE 12/02/2019,Arrival,40.83086013793945,-73.84039306640625,Y
1000011646,Crane Notice Number,101919,101919,MOBILE CRANE,UNDERPINNING&FOUNDATION SKANSKA,THOMAS.TROCHALIDES@SKANSKA.COM,,null,,KEVIN.ONEILL@SIEFERTASSOCIATES.COM,,,,,,,,,Arrival,12/5/2019 7:00:00,12/5/2019 7:00:00,,,,,,,2505,BRUCKNER BOULEVARD,BRONX,5293,1,2072579,,12/4/2019 5:03:47,12/4/2019 5:03:47,N,,SYSTEM,,,APPROVED FOR USE 12/02/2019,Arrival,40.83086013793945,-73.84039306640625,Y
1000011732,Crane Notice Number,95019,095019,MOBILE CRANE,NEWBURGH IRON LLC,URBANPRECAST@AOL.COM,,null,,NEIL@MRAENGINEERING.COM,,,,,,,,,Arrival,12/10/2019 7:00:00,12/10/2019 7:00:00,,,,,,,2760,WEST   33 STREET,BROOKLYN,6979,101,3426146,,12/9/2019 9:14:28,12/9/2019 9:14:28,N,,SYSTEM,,,APPROVED FOR USE 11/14/2019,Arrival,40.577919006347656,-74.00116729736328,Y
1000011775,Crane Notice Number,91219,091219,MOBILE CRANE,TRIDENT GENERAL CONTRACTING LLC,JOHN.BRENNAN@TRIDENT.CONSTRUCTION,,null,,MLOMBARDO@LOMBARDO-PE.COM,,,,,,,,,Arrival,12/11/2019 2:00:00,12/11/2019 2:00:00,,,,,,,342,FULTON STREET,BROOKLYN,153,3,3000417,,12/10/2019 4:07:14,12/10/2019 4:07:14,N,,SYSTEM,,,APPROVED FOR USE 11/29/2019,Arrival,40.69157028198242,-73.98877716064453,Y
1000011787,Crane Notice Number,22919,022919,TOWER CRANE - EXT CLIMBING MECHANISM,TRIDENT CONSTRUCTION,JOHN.KUEFNER@TRIDENT.COMSTRUCTION,,null,,LKSHAPIRO@HISASSOC.COM,,,,,,,,,Assembly,12/13/2019 3:00:00,,,,2019-12-13 15:00:00.0,,,,9,DE KALB AVENUE,BROOKLYN,149,100,3000370,,12/11/2019 8:16:32,12/11/2019 8:16:32,N,,SYSTEM,,,APPROVED FOR INSTALLATION 11/27/2019,Assembly,40.690399169921875,-73.98239135742188,Y
1000011816,Crane Notice Number,71719,071719,MOBILE CRANE,RNC INDUSTRIES,ONAVIS@RNCNEWYORK.COM,,null,,MLOMBARDO@LOMBARDO-PE.COM,,,,,,,,,Arrival,12/13/2019 7:00:00,12/13/2019 7:00:00,,,,,,,2119,CATON AVENUE,BROOKLYN,5063,58,3397264,,12/12/2019 12:49:39,12/12/2019 12:49:39,N,,SYSTEM,,,APPROVED FOR USE 10/24/2019,Arrival,40.653228759765625,-73.95982360839844,Y
1000012148,Crane Notice Number,101519,101519,FIX/CLIMBER TOWER CRANE,RNC INDUSTRIES,ONAVIS@RNCNEWYORK.COM,,null,,INFO@VALJATO.COM,,,,,,,,,Tower Crane Foundation Pour,1/4/2020 7:00:00,,,2020-01-04 07:00:00.0,,,,,1,BELL SLIP,BROOKLYN,2472,200,3426466,,1/2/2020 8:37:34,1/2/2020 8:37:34,N,,SYSTEM,,,TC FOUNDATION ACCEPTED 12/16/2019,Tower Crane Foundation Pour,40.73735046386719,-73.95858764648438,
1000012184,Crane Notice Number,64519,064519,MOBILE CRANE,NEWBURGH IRON LLC,URBANPRECAST@AOL.COM,,null,,NEIL@MRAENGINEERING.COM,,,,,,,,,Arrival,1/7/2020 7:01:00,1/7/2020 7:01:00,,,,,,,2926,WEST   19 STREET,BROOKLYN,7060,19,3426189,,1/6/2020 7:22:55,1/6/2020 7:22:55,N,,SYSTEM,,,APPROVED FOR USE 01/02/2020,Arrival,40.57572937011719,-73.98623657226562,Y
1000012186,Crane Notice Number,23219,023219,MOBILE TOWER CRANE,METROPOLITAN WALTERS LLC,DAP@MW-NY.COM,,null,,EHELT@MGMCLAREM.COM,,,,,,,,,Assembly,1/7/2020 11:00:00,,,,2020-01-07 11:00:00.0,,,,401,WEST   31 STREET,MANHATTAN,729,51,1089694,,1/6/2020 8:15:45,1/6/2020 8:15:45,N,,SYSTEM,,,APPROVED FOR USE 12/27/2019,Assembly,40.75209045410156,-73.99796295166016,Y
1000012211,Crane Notice Number,109718,109718,MOBILE CRANE,RJ- MARTIN JV,RAFELICETTA@RJII.NET,,null,,MLOMBARDO@LOMBARDO-PE.COM,,,,,,,,,Arrival,1/9/2020 7:00:00,1/9/2020 7:00:00,,,,,,,2591,KNAPP STREET,BROOKLYN,8837,1,3339298,,1/7/2020 12:42:23,1/7/2020 12:42:23,N,,SYSTEM,,,APPROVED FOR USE 10/17/2019,Arrival,40.58932113647461,-73.93145751953125,Y
1000012387,Onsite Waiver Number,w009119,,PILE DRIVER,,,W009119,PILE DRIVER,""SIEFERT ASSOCIATES, LLC"",KEVIN.ONEILL@SIEFERTASSOCIATES.COM,,,,,,,,,Arrival,1/17/2020 7:00:00,1/17/2020 7:00:00,,,,,,,2505,BRUCKNER BOULEVARD,BRONX,5293,1,2072579,,1/16/2020 2:06:06,1/16/2020 2:06:06,N,,SYSTEM,,,APPROVED FOR USE,Arrival,40.83086013793945,-73.84039306640625,Y
1000012413,Crane Notice Number,103219,103219,MOBILE CRANE,RC STRUCTURES LLC,JGIESSEL@RCSTRUCTURES.COM,,null,,PETER@STROHENGINEERING.COM,,,,,,,,,Arrival,1/20/2020 6:00:00,1/20/2020 6:00:00,,,,,,,29,WEST STREET,BROOKLYN,2570,50,3425624,,1/18/2020 10:23:18,1/18/2020 10:23:18,N,,SYSTEM,,,APPROVED FOR USE 01/06/2020,Arrival,40.72711944580078,-73.95881652832031,Y
1000012490,Crane Notice Number,220,000220,MOBILE CRANE,""FJM-FERRO.  INC"",SMCALLISTER@FJMFERROINC.COM,,null,,NEIL@MRAENGINEERING.COM,,,,,,,,,Arrival,1/23/2020 7:00:00,1/23/2020 7:00:00,,,,,,,230,EAST  128 STREET,MANHATTAN,1792,28,1090821,,1/22/2020 1:53:58,1/22/2020 1:53:58,N,,SYSTEM,,,APPROVED FOR USE 01/09/2020,Arrival,40.804771423339844,-73.93295288085938,Y
1000012575,Crane Notice Number,49819,049819,TOWER CRANE - INT CLIMBING MECHANISM,""METROPOLITAN WALTERS.  LLC"",DAP@MW-NY.COM,,null,,AFANITH@MGMCLAREN.COM,,,,,,,,,Arrival,1/28/2020 7:00:00,1/28/2020 7:00:00,,,,,,,401,WEST   31 STREET,MANHATTAN,729,51,1089694,,1/27/2020 8:15:21,1/27/2020 8:15:21,N,,SYSTEM,,,APPROVED FOR INSTALLATION 01/23/2020,Arrival,40.75209045410156,-73.99796295166016,Y
1000012709,Crane Notice Number,104019,104019,MOBILE CRANE,LONG ISLAND CONCRET,MABRUZZI@LONGISLNADCONCRETE.NET,,null,,MCHAUDANSON@HISASSOC.COM,,,,,,,,,Arrival,2/1/2020 7:00:00,2/1/2020 7:00:00,,,,,,,114,EAST   14 STREET,MANHATTAN,559,16,1084306,,1/31/2020 10:06:36,1/31/2020 10:06:36,N,,SYSTEM,,,APPROVED FOR USE 12/23/2019,Arrival,40.73368835449219,-73.98925018310547,Y
1000012930,Crane Notice Number,97319,097319,TOWER CRANE - EXT CLIMBING MECHANISM,LONG ISLAND CONCRETE,MABRUZZI@LONGISLANDCONCRETE.NET,,null,,LKSHAPIRO@HISASSOC.COM,,,,,,,,,Tower Crane Foundation Pour,2/11/2020 10:00:00,,,2020-02-11 10:00:00.0,,,,,114,EAST   14 STREET,MANHATTAN,559,16,1084306,,2/10/2020 10:59:40,2/10/2020 10:59:40,N,,SYSTEM,,,TC FOUNDATION ACCEPTED 12/05/2019,Tower Crane Foundation Pour,40.73368835449219,-73.98925018310547,
1000012952,Crane Notice Number,97119,097119,MOBILE CRANE,UNITED STRUCTURAL WORKS INC,JAMES@USW-INC.COM,,null,,NEIL@MRAENGINEERING.COM,,,,,,,,,Arrival,2/12/2020 7:00:00,2/12/2020 7:00:00,,,,,,,1250,EAST  229 STREET,BRONX,4905,2,2097408,,2/11/2020 9:42:35,2/11/2020 9:42:35,N,,SYSTEM,,,APPROVED FOR USE 12/09/2019,Arrival,40.882568359375,-73.84281158447266,Y
1000012992,Crane Notice Number,106419,106419,MOBILE CRANE,NEWBURGH IRON LLC,URBANPRECAST@AOL.COM,,null,,NEIL@MRAENGINEERING.COM,,,,,,,,,Arrival,2/13/2020 7:00:00,2/13/2020 7:00:00,,,,,,,1115,ASHFORD STREET,BROOKLYN,4452,468,3421923,,2/12/2020 3:24:00,2/12/2020 3:24:00,N,,SYSTEM,,,APPROVED FOR USE 11/12/2019,Arrival,40.65559005737305,-73.87326049804688,Y
1000013014,Crane Notice Number,79119,079119,TOWER CRANE - EXT CLIMBING MECHANISM,""CROSS COUNTRY CONSTRUCTION.  LLC"",TCOSTIGAN@XCCLLC.COM,,null,,LKSHAPIRO@HISASSOC.COM,,,,,,,,,Arrival,2/15/2020 5:00:00,2/15/2020 5:00:00,,,,,,,37,6 AVENUE,BROOKLYN,1128,1,3800502,,2/13/2020 1:31:40,2/13/2020 1:31:40,N,,SYSTEM,,,APPROVED FOR INSTALLATION 01/27/2020,Arrival,40.68170928955078,-73.97395324707031,Y
1000013029,Crane Notice Number,101019,101019,TOWER CRANE - INT CLIMBING MECHANISM,METROPOLITAN WALTERS LLC,DAP@MW-NY.COM,,null,,LKSHAPIRO@HISASSOC.COM,,,,,,,,,Assembly,2/14/2020 11:59:00,,,,2020-02-14 23:59:00.0,,,,532,WASHINGTON STREET,MANHATTAN,596,7502,1010356,,2/13/2020 7:11:45,2/13/2020 7:11:45,N,,SYSTEM,,,APPROVED FOR INSTALLATION 01/23/2020,Assembly,40.728580474853516,-74.00997924804688,Y
1000013212,Crane Notice Number,127518,127518,MOBILE CRANE,PERMASTEELISA,T.PARADISE@PERMASTEELISAGROUP.COM,,null,,LKSHAPIRO@HISASSOC.COM,,,,,,,,,Arrival,2/24/2020 7:00:00,2/24/2020 7:00:00,,,,,,,421,PARK AVENUE,MANHATTAN,1310,1,1036505,,2/22/2020 9:26:19,2/22/2020 9:26:19,N,,SYSTEM,,,APPROVED FOR USE 12/16/2019,Arrival,40.76042938232422,-73.97103881835938,Y
1000013238,Crane Notice Number,320,000320,MOBILE CRANE,BERLIN STEEL CONSTRUCTION CO,ASTOPPANI@BERLINSTEEL.COM,,null,,MCHAUDANSON@HISASSOC.COM,,,,,,,,,Arrival,2/25/2020 7:00:00,2/25/2020 7:00:00,,,,,,,2469,EAST   18 STREET,BROOKLYN,7420,26,3426200,,2/24/2020 9:04:14,2/24/2020 9:04:14,N,,SYSTEM,,,APPROVED FOR USE 01/21/2020,Arrival,40.59109878540039,-73.95155334472656,Y
1000013246,Crane Notice Number,46819,046819,MOBILE CRANE,C&H RENTALS & LEASING LLC,RCOOCH72@AOL.COM,,null,,MCHAUDANSON@HISASSOC.COM,,,,,,,,,Assembly,2/26/2020 7:00:00,,,,2020-02-26 07:00:00.0,,,,608,WEST   40 STREET,MANHATTAN,685,42,1012276,,2/24/2020 3:39:40,2/24/2020 3:39:40,N,,SYSTEM,,,APPROVED FOR USE 02/11/2020,Assembly,40.759910583496094,-74.00109100341797,Y
1000013268,Crane Notice Number,85119,085119,TOWER CRANE - INT CLIMBING MECHANISM,METROPOLITAN WALTERS LLC,DAP@MW-NY.COM,,null,,AFANITH@MGMCLAREN.COM,,,,,,,,,Arrival,2/26/2020 7:00:00,2/26/2020 7:00:00,,,,,,,401,WEST   31 STREET,MANHATTAN,729,51,1089694,,2/25/2020 2:50:05,2/25/2020 2:50:05,N,,SYSTEM,,,APPROVED FOR INSTALLATION 02/19/2020,Arrival,40.75209045410156,-73.99796295166016,Y
1000013270,Crane Notice Number,5520,005520,MOBILE CRANE,""ROGER & SONS CONCRETE.  INC"",TONY.RODRIGUES@RANDSCONCRETE.COM,,null,,MCHAUDANSON@HISASSOC.COM,,,,,,,,,Arrival,2/26/2020 7:00:00,2/26/2020 7:00:00,,,,,,,34,HUDSON BOULEVARD EAST,MANHATTAN,706,17,1090122,,2/25/2020 4:10:10,2/25/2020 4:10:10,N,,SYSTEM,,,APPROVED FOR USE 02/19/2020,Arrival,40.7547607421875,-74.00083923339844,Y
1000013322,Crane Notice Number,1020,001020,MOBILE CRANE,CASE FOUNDATION COMPANY,JJLUKENS@CASEFOUNDATION.COM,,null,,MCHAUDANSON@HISASSOC.COM,,,,,,,,,Assembly,2/28/2020 6:00:00,,,,2020-02-28 06:00:00.0,,,,304,HUDSON STREET,MANHATTAN,579,47,1009742,,2/27/2020 2:10:44,2/27/2020 2:10:44,N,,SYSTEM,,,APPROVED FOR USE 02/24/2020,Assembly,40.72618103027344,-74.00704193115234,Y
1000013341,Crane Notice Number,819,000819,MOBILE CRANE,BROOKLYN CONSTRUCTION GROUP,TONY@BROOKLYNCG.COM,,null,,INFO@VALJATO.COM,,,,,,,,,Arrival,2/29/2020 7:00:00,2/29/2020 7:00:00,,,,,,,81-80,COOPER AVENUE,QUEENS,3810,2,4842231,,2/28/2020 2:13:21,2/28/2020 2:13:21,N,,SYSTEM,,,APPROVED FOR USE 01/07/2020,Arrival,40.71015167236328,-73.86739349365234,Y
1000013523,Crane Notice Number,83819,083819,TOWER CRANE - EXT CLIMBING MECHANISM,HIGHBURY CONCRETE INC,JWALSH@HIGHBURYCONCRETE.COM,,null,,INFO@VALJATO.COM,,,,,,,,,Tower Crane Foundation Pour,3/11/2020 7:00:00,,,2020-03-11 07:00:00.0,,,,,553,WEST 38 STREET,MANHATTAN,710,1,1806140,,3/9/2020 8:45:59,3/9/2020 8:45:59,N,,SYSTEM,,,TC FOUNDATION ACCEPTED 11/18/2019,Tower Crane Foundation Pour,40.75846862792969,-73.99964141845703,
1000013573,Crane Notice Number,120719,120719,MOBILE CRANE,AALCO TRANSPORT & STORAGE,DAVE@AALCO.NET,,null,,NEIL@MRAENGINEERING.COM,,,,,,,,,Assembly,3/12/2020 7:00:00,,,,2020-03-12 19:00:00.0,,,,614,WEST  131 STREET,MANHATTAN,1997,1,1090647,,3/11/2020 4:53:06,3/11/2020 4:53:06,N,,SYSTEM,,,APPROVED FOR USE 03/09/2020,Assembly,40.8178596496582,-73.9586181640625,Y
1000013604,Crane Notice Number,96619,096619,MOBILE CRANE,RC STRUCTURES INC,JGIESSEL@RCSTRUCTURES.COM,,null,,MCHAUDANSON@HISASSOC.COM,,,,,,,,,Assembly,3/15/2020 7:00:00,,,,2020-03-15 07:00:00.0,,,,1720,VILLAGE LANE,QUEENS,15537,101,4868330,,3/13/2020 9:11:41,3/13/2020 9:11:41,N,,SYSTEM,,,APPROVED FOR USE 03/12/2020,Assembly,0.0,0.0,Y
1000013638,Crane Notice Number,96719,096719,MOBILE CRANE,RC STRUCTURES INC,JGIESSEL@RCSTRUCTURES.COM,,null,,MCHAUDANSON@HISASSOC.COM,,,,,,,,,Assembly,3/16/2020 7:00:00,,,,2020-03-16 07:00:00.0,,,,1725,VILLAGE LANE,QUEENS,15537,101,4868331,,3/15/2020 10:59:31,3/15/2020 10:59:31,N,,SYSTEM,,,APPROVED FOR USE 03/12/2020,Assembly,0.0,0.0,Y
1000013662,Crane Notice Number,127019,127019,MOBILE CRANE,""GUYTEC STEEL.  INC"",BOB@GUYTECSTEEL.COM,,null,,NEIL@MRAENGINEERING.COM,,,,,,,,,Arrival,3/17/2020 7:00:00,3/17/2020 7:00:00,,,,,,,567,EAST  149 STREET,BRONX,2276,1,2128228,,3/16/2020 7:49:00,3/16/2020 7:49:00,N,,SYSTEM,,,APPROVED FOR USE 03/09/2020,Arrival,40.814430236816406,-73.91339874267578,Y
1000013845,Crane Notice Number,101819,101819,MOBILE CRANE,EXTREME CONSTRUCTION INC,DBOSSI@EXTREMECI.COM,,null,,LKSHAPIRO@HISASSOC.COM,,,,,,,,,Arrival,3/25/2020 7:00:00,3/25/2020 7:00:00,,,,,,,68-04,TIDES ROAD,QUEENS,15939,106,4607872,,3/24/2020 6:12:04,3/24/2020 6:12:04,N,,SYSTEM,,,APPROVED FOR USE 01/06/2020,Arrival,40.58921813964844,-73.79714965820312,Y
1000013935,Crane Notice Number,108619,108619,MOBILE CRANE,ERECTION&WELDING CONTRACTORS LLC,JPANNELL@ERECTIONWELDING.COM,,null,,EHELT@MGMCLAREN.COM,,,,,,,,,Arrival,4/1/2020 7:00:00,4/1/2020 7:00:00,,,,,,,1215,SPOFFORD AVENUE,BRONX,2738,36,2130389,,3/31/2020 9:24:43,3/31/2020 9:24:43,N,,SYSTEM,,,APPROVED FOR USE 02/18/2020,Arrival,40.81420135498047,-73.8907470703125,Y
1000014003,Crane Notice Number,720,000720,MOBILE CRANE,PARK AVENUE CONCRETE,BRIANW@PARKAVENUECONCRETE.COM,,null,,INFO@VALJATO.COM,,,,,,,,,Arrival,4/8/2020 7:00:00,4/8/2020 7:00:00,,,,,,,601,WEST   29 STREET,MANHATTAN,675,12,1012272,,4/7/2020 2:39:57,4/7/2020 2:39:57,N,,SYSTEM,,,APPROVED FOR USE 03/12/2020,Arrival,40.753231048583984,-74.00498962402344,Y
1000014059,Crane Notice Number,88118,088118,TOWER CRANE - EXT CLIMBING MECHANISM,PARK AVENUE CONCRETE,BRIANW@PARKAVENUECONCRETE.COM,,null,,INFO@VALJATO.COM,,,,,,,,,Disassembly,4/18/2020 12:05:00,,,,,2020-04-18 00:05:00.0,,,424,ALBEE SQUARE,BROOKLYN,146,43,3426190,,4/17/2020 12:33:06,4/17/2020 12:33:06,N,,SYSTEM,,,APPROVED FOR USE 11/22/2019,Disassembly,40.69112014770508,-73.98383331298828,
1000014080,Crane Notice Number,104419,104419,MOBILE CRANE,RC STRUCTURES INC,JGIESSEL@RCSTRUCTURES.COM,,null,,MCHAUDANSON@HISASSOC.COM,,,,,,,,,Arrival,4/21/2020 7:00:00,4/21/2020 7:00:00,,,,,,,2401,3 AVENUE,BRONX,2319,2,2129132,,4/20/2020 10:42:57,4/20/2020 10:42:57,N,,SYSTEM,,,APPROVED FOR USE 03/16/2020,Arrival,40.80867004394531,-73.93192291259766,Y
1000014105,Crane Notice Number,4520,004520,MOBILE CRANE,""AGRA  MASONRY.  INC"",AGRAMASONRY@GMAIL.COM,,null,,MLOMBARDO@LOMBARDO-PE.COM,,,,,,,,,Arrival,4/25/2020 12:05:00,4/25/2020 12:05:00,,,,,,,50,PENNSYLVANIA AVENUE,BROOKLYN,3669,22,3083274,,4/24/2020 8:40:56,4/24/2020 8:40:56,N,,SYSTEM,,,APPROVED FOR INSTALLATION 03/19/2020,Arrival,40.67667007446289,-73.89745330810547,Y
1000014111,Crane Notice Number,68319,068319,TOWER CRANE - EXT CLIMBING MECHANISM,PARK AVENUE CONCRETE,BRIANW@PARKAVENUECONCRETE.COM,,null,,INFO@VALJATO.COM,,,,,,,,,Assembly,4/25/2020 12:05:00,,,,2020-04-25 00:05:00.0,,,,601,WEST   29 STREET,MANHATTAN,675,12,1012272,,4/24/2020 2:32:21,4/24/2020 2:32:21,N,,SYSTEM,,,APPROVED FOR INSTALLATION 04/14/2020,Assembly,40.753231048583984,-74.00498962402344,Y
1000014115,Crane Notice Number,3320,003320,MOBILE CRANE,KOEHLER MASONRY,JKOEHLER@KOEHLERORG.COM,,null,,MCHAUDANSON@HISASSOC.COM,,,,,,,,,Arrival,4/27/2020 7:00:00,4/27/2020 7:00:00,,,,,,,108-40,HORACE HARDING EXPRESSWAY,QUEENS,2159,80,4618620,,4/25/2020 7:05:19,4/25/2020 7:05:19,N,,SYSTEM,,,APPROVED FOR USE 02/07/2020,Arrival,0.0,0.0,Y
1000014116,Crane Notice Number,002620,002620,MOBILE CRANE,""BARONE STEEL.  INC"",JHOLST@BARONESTEEL.COM,,null,,MLOMBARDO@LOMBARDO-PE.COM,,,,,,,,,Arrival,4/27/2020 7:00:00,4/27/2020 7:00:00,,,,,,,470,NEW DORP LANE,STATEN ISLAND,3960,325,5171390,,4/25/2020 9:09:04,4/25/2020 9:09:04,N,,SYSTEM,,,APPROVED FOR USE 03/03/2020,Arrival,40.5683708190918,-74.10774230957031,Y
1000014126,Crane Notice Number,127719,127719,MOBILE CRANE,NEWBURGH IRON LLC,URBANPRECAST@URBANPRECAST.COM,,null,,NEIL@MRAENGINEERING.COM,,,,,,,,,Arrival,4/29/2020 7:00:00,4/29/2020 7:00:00,,,,,,,1661,WESTCHESTER AVENUE,BRONX,3780,1,2025407,,4/27/2020 11:14:57,4/27/2020 11:14:57,N,,SYSTEM,,,APPROVED FOR USE 04/07/2020,Arrival,40.83055114746094,-73.8724136352539,Y
1000014166,Crane Notice Number,95919,095919,MOBILE CRANE,C & A IRON WORKS,DANIEL@CAIRONWORKS.COM,,null,,MLOMBARDO@LOMBARDO-PE.COM,,,,,,,,,Arrival,5/2/2020 7:00:00,5/2/2020 7:00:00,,,,,,,923,QUENTIN ROAD,BROOKLYN,6641,37,3428576,,5/1/2020 12:22:29,5/1/2020 12:22:29,N,,SYSTEM,,,APPROVED FOR USE 01/10/2020,Arrival,40.607940673828125,-73.96346282958984,Y
1000014174,Crane Notice Number,121619,121619,MOBILE CRANE,US CRANE & RIGGING,DAN@USCRLLC.COM,,null,,INFO@VALJATO.COM,,,,,,,,,Arrival,5/4/2020 7:00:00,5/4/2020 7:00:00,,,,,,,1,BELL SLIP,BROOKLYN,2472,200,3426466,,5/2/2020 7:23:21,5/2/2020 7:23:21,N,,SYSTEM,,,APPROVED FOR USE 04/21/2020,Arrival,40.73735046386719,-73.95858764648438,Y
1000014182,Crane Notice Number,123319,123319,MOBILE CRANE,FABCON PRECAST LLC,PHILLIP.REED@FABCONPRECAST.COM,,null,,LKSHAPIRO@HISASSOC.COM,,,,,,,,,Arrival,5/5/2020 7:00:00,5/5/2020 7:00:00,,,,,,,55,BAY STREET,BROOKLYN,591,1,3426617,,5/4/2020 7:23:32,5/4/2020 7:23:32,N,,SYSTEM,,,APPROVED FOR USE 04/21/2020,Arrival,40.67340087890625,-74.00733184814453,Y
1000014184,Crane Notice Number,115119,115119,MOBILE CRANE,NEWBURGH IRON LLC,URBANPRECAST@AOL.COM,,null,,NEIL@MRAENGINEERING.COM,,,,,,,,,Arrival,5/5/2020 7:00:00,5/5/2020 7:00:00,,,,,,,345,ST ANNS AVENUE,BRONX,2268,27,2128977,,5/4/2020 8:24:12,5/4/2020 8:24:12,N,,SYSTEM,,,APPROVED FOR USE 02/04/2020,Arrival,40.80950927734375,-73.91615295410156,Y
1000014214,Crane Notice Number,117519,117519,MOBILE CRANE,RNC INDUSTRIES LLC,ONAVIS@RNCNEWYORK.COM,,null,,INFO@VALJATO.COM,,,,,,,,,Arrival,5/7/2020 7:00:00,5/7/2020 7:00:00,,,,,,,1,BELL SLIP,BROOKLYN,2472,200,3426466,,5/6/2020 12:08:48,5/6/2020 12:08:48,N,,SYSTEM,,,APPROVED FOR USE 03/19/2020,Arrival,40.73735046386719,-73.95858764648438,Y
1000014220,Crane Notice Number,114119,114119,MOBILE CRANE,HIGHBURY CONCRETE,JWALSH@HIGHBURYCONCRETE.COM,,null,,INFO@VALJATOPC.COM,,,,,,,,,Arrival,5/7/2020 7:00:00,5/7/2020 7:00:00,,,,,,,553,WEST 38 STREET,MANHATTAN,710,1,1806140,,5/6/2020 5:29:00,5/6/2020 5:29:00,N,,SYSTEM,,,APPROVED FOR USE 04/08/2020,Arrival,40.75846862792969,-73.99964141845703,Y
1000014228,Crane Notice Number,10319,010319,MOBILE CRANE,""CRANES EXPRESS.  INC"",BLLY@CRANESEXPRESS.COM,,null,,MLOMBARDO@LOMBARDO-PE.COM,,,,,,,,,Arrival,5/9/2020 8:00:00,5/9/2020 8:00:00,,,,,,,443,EAST   80 STREET,MANHATTAN,1560,21,1050368,,5/7/2020 8:42:46,5/7/2020 8:42:46,N,,SYSTEM,,,APPROVED FOR INSTALLATION 12/11/2019,Arrival,40.77244186401367,-73.95023345947266,N
1000014231,Crane Notice Number,100719,100719,MOBILE CRANE,METRO ERECTORS INC,WBOZZO@METROSTEEL.NET,,null,,MLOMBARDO@LOMBARDO-PE.COM,,,,,,,,,Arrival,5/8/2020 7:00:00,5/8/2020 7:00:00,,,,,,,1403,GATEWAY BOULEVARD,QUEENS,15574,36,4619442,,5/7/2020 12:19:28,5/7/2020 12:19:28,N,,SYSTEM,,,APPROVED FOR USE 12/30/2019,Arrival,40.601539611816406,-73.74862670898438,N
1000014232,Crane Notice Number,110619,110619,MOBILE CRANE,METRO ERECTORS INC,WBOZZO@METROSTEEL.NET,,null,,MLOMBARDO@LOMBARDO-PE.COM,,,,,,,,,Arrival,5/8/2020 7:00:00,5/8/2020 7:00:00,,,,,,,1115,EAST  165 STREET,BRONX,2750,30,2129161,,5/7/2020 12:20:23,5/7/2020 12:20:23,N,,SYSTEM,,,APPROVED FOR USE 01/08/2020,Arrival,40.82548141479492,-73.88903045654297,N
1000014249,Crane Notice Number,122119,122119,MOBILE CRANE,PINNACLE INDUSTRIES,BMANNINO@PINNAACLE2.COM,,null,,MCHAUDANSON@HISASSOC.COM,,,,,,,,,Arrival,5/10/2020 12:05:00,5/10/2020 12:05:00,,,,,,,217,WEST   57 STREET,MANHATTAN,1029,1102,1090180,,5/9/2020 11:49:19,5/9/2020 11:49:19,N,,SYSTEM,,,APPROVED FOR INSTALLATION 03/31/2020,Arrival,40.766231536865234,-73.98095703125,N
1000014250,Master Rigger License Number,130,,,,,,,,,000130,2889,N,,ALLEN                       WILLIAMS,RIGGER130@GMAIL.COM,,Crane to be on site for less than 24 hours ,Arrival,5/11/2020 9:00:00,5/11/2020 9:00:00,,,,,,,1796,GRAND CONCOURSE,Bronx,2795,26,2007407,,5/9/2020 2:27:20,5/9/2020 2:27:20,N,,SYSTEM,,EJM CONSULTING LLC,APPROVED FOR USE 09/09/2019,Arrival,40.846561431884766,-73.90850830078125,N
