BIN,Address,Borough,Community.Board,Number.of.Permits,Number.of.Stories,ScaffoldShedFence,Job.Type,Job.Number,Contractor,Lat,Lon,Accidents,CO.TCO,CO.TCO.Recent.Date,Score,Risk.Level,EPSG2263_y,EPSG2263_x,cyclomedia
1000005,1 NEW YORK PLAZA,MANHATTAN,101,8,50,YES,A2,123253610,W & M SPRINKLER - NYC LLC,40.70214844,-74.0120163,0,NO,,5,Medium,195088.3072,980918.2188,"https://nycdob.github.io/CycloMedia/simple#980918.218774049,195088.307244628"
1000041,11 STONE STREET,MANHATTAN,101,6,27,YES,NB,121333057,ANTHONY T. RINALDI LLC,40.70420074,-74.01223755,0,NO,,5,Medium,195836.0326,980856.9761,"https://nycdob.github.io/CycloMedia/simple#980856.976149435,195836.032556954"
1000797,42 TRINITY PLACE,MANHATTAN,101,5,40,YES,NB,121191021,GILBANE BUILDING COMPANY,40.70740891,-74.01355743,0,NO,,5,Medium,197004.9155,980491.2012,"https://nycdob.github.io/CycloMedia/simple#980491.201237733,197004.91554352"
1001026,120 BROADWAY,MANHATTAN,101,8,41,YES,A1,123319710,BENCHMARK BUILDERS INC,40.70822144,-74.01052094,0,NO,,5,Medium,197300.8292,981333.1062,"https://nycdob.github.io/CycloMedia/simple#981333.1061787,197300.829167697"
1001356,41 PARK ROW,MANHATTAN,101,8,16,NO,A1,123027492,SCIAME CONSTRUCTION LLC,40.71166992,-74.00618744,0,NO,,5,Medium,198557.1023,982534.6421,"https://nycdob.github.io/CycloMedia/simple#982534.642122308,198557.102328738"
1001389,375 PEARL STREET,MANHATTAN,101,5,32,NO,A2,123560985,ABCO PEERLESS SPRINKLER C,40.7109108,-74.0011673,3,NO,,5,Medium,198280.4718,983926.3838,"https://nycdob.github.io/CycloMedia/simple#983926.383792281,198280.471772426"
1001416,101 BARCLAY STREET,MANHATTAN,101,6,23,NO,A2,123515071,PAR FIRE PROTECTION LLC,40.71451187,-74.01223755,1,NO,,5,Medium,199592.6872,980857.501,"https://nycdob.github.io/CycloMedia/simple#980857.500963344,199592.687189372"
1007576,555 BROADWAY,MANHATTAN,102,7,12,NO,A1,121192743,JT MAGEN + CO INC,40.72391891,-73.9986496,2,NO,,5,Medium,203019.7274,984624.3065,"https://nycdob.github.io/CycloMedia/simple#984624.306473849,203019.727438551"
1007822,161 AVENUE OF THE AMERICAS,MANHATTAN,102,10,15,YES,A1,121204204,SOHO AOA OWNER LLC C/O ST,40.72589111,-74.00431824,0,NO,,5,Medium,203738.287,983053.1006,"https://nycdob.github.io/CycloMedia/simple#983053.100595621,203738.286978566"
1007824,233 SPRING STREET,MANHATTAN,102,7,13,YES,A2,123526639,FULEP FIRE PROT. CO. LL,40.72591019,-74.00475311,2,NO,,5,Medium,203745.2423,982932.5652,"https://nycdob.github.io/CycloMedia/simple#982932.565167055,203745.24228184"
1007981,151 MERCER STREET,MANHATTAN,102,9,4,YES,NB,121333324,SKANSKA USA BUILDING INC,40.72512054,-73.99849701,0,NO,,5,Medium,203457.519,984666.5935,"https://nycdob.github.io/CycloMedia/simple#984666.593479062,203457.518957347"
1009751,77 CHARLTON STREET,MANHATTAN,102,3,15,NO,NB,121187731,TOLL GC LLC,40.72761154,-74.00639343,1,NO,,5,Medium,204365.1276,982477.9579,"https://nycdob.github.io/CycloMedia/simple#982477.957938591,204365.127618787"
1012047,137 BANK STREET,MANHATTAN,102,10,13,YES,A2,123368033,DAVID JABLON,40.7365303,-74.00907135,0,NO,,5,Medium,207614.5773,981736.0668,"https://nycdob.github.io/CycloMedia/simple#981736.066797481,207614.577308485"
1012572,455 WEST 19TH STREET,MANHATTAN,104,8,12,YES,A1,122085448,WONDER WORKS CONSTR CORP,40.74514008,-74.00520325,0,NO,,5,Medium,210751.3031,982808.2162,"https://nycdob.github.io/CycloMedia/simple#982808.216227975,210751.303079894"
1013652,338 WEST 39TH STREET,MANHATTAN,104,6,25,YES,NB,121189659,BARONE MANAGEMENT LLC,40.75593948,-73.99320984,0,NO,,5,Medium,214685.9057,986131.2017,"https://nycdob.github.io/CycloMedia/simple#986131.201690029,214685.905699036"
1014338,251 WEST 30TH STREET,MANHATTAN,105,5,16,NO,A1,123107084,SPK/LEWIS CONSTRUCTION LL,40.74946976,-73.9942627,1,NO,,5,Medium,212328.7541,985839.6641,"https://nycdob.github.io/CycloMedia/simple#985839.664126655,212328.754121528"
1014460,512 7TH AVENUE,MANHATTAN,105,5,45,NO,A2,123474481,SUMMIT INTERIORS INC,40.75344849,-73.9892807,1,NO,,5,Medium,213778.4633,987219.8733,"https://nycdob.github.io/CycloMedia/simple#987219.873271398,213778.463317409"
1015093,140 WEST 28TH STREET,MANHATTAN,105,5,46,NO,NB,121190950,OMNIBUILD CONSTRUCTION IN,40.7466011,-73.99243164,0,NO,,5,Medium,211283.6505,986347.094,"https://nycdob.github.io/CycloMedia/simple#986347.094040225,211283.650489474"
1015408,55 WEST 17TH STREET,MANHATTAN,105,5,19,NO,A2,123200785,KG SPRINKLER CORP,40.73920059,-73.99475098,3,NO,,5,Medium,208587.361,985704.5978,"https://nycdob.github.io/CycloMedia/simple#985704.597755052,208587.361021465"
1015478,150 5TH AVENUE,MANHATTAN,105,6,12,NO,A1,122700292,METROPOLITAN BUILDING SER,40.7396698,-73.99152374,4,NO,,5,Medium,208758.3783,986598.9051,"https://nycdob.github.io/CycloMedia/simple#986598.905121701,208758.378332196"
1015602,1107 BROADWAY,MANHATTAN,105,5,24,NO,A2,122950397,PETRONE PLBG & HTG CORP,40.74272156,-73.98957825,2,NO,,5,Medium,209870.2888,987137.9005,"https://nycdob.github.io/CycloMedia/simple#987137.900476583,209870.28877021"
1015729,250 5 AVENUE,MANHATTAN,105,7,23,YES,A1,122414002,ANTHONY T. RINALDI LLC,40.74502182,-73.98760986,1,NO,,5,Medium,210708.4188,987683.2273,"https://nycdob.github.io/CycloMedia/simple#987683.227266087,210708.418764585"
1016018,58 WEST 39TH STREET,MANHATTAN,105,3,29,NO,NB,123111952,CROSSCITY CONSTRUCTION CO,40.75246048,-73.98493958,1,NO,,5,Medium,213418.6775,988422.681,"https://nycdob.github.io/CycloMedia/simple#988422.680979164,213418.677523127"
1016749,41 MADISON AVENUE,MANHATTAN,105,5,42,NO,A1,121190442,RICHTER & RATNER CONTRACT,40.74237823,-73.98626709,2,NO,,5,Medium,209745.3319,988055.4521,"https://nycdob.github.io/CycloMedia/simple#988055.452149141,209745.331868465"
1016918,30 EAST 29TH STREET,MANHATTAN,105,3,46,NO,NB,121204552,LENDLEASE(US)CONSTRUCTION,40.74419022,-73.98478699,1,NO,,5,Medium,210405.5621,988465.4807,"https://nycdob.github.io/CycloMedia/simple#988465.480670859,210405.562115274"
1016967,460 PARK AVENUE SOUTH,MANHATTAN,105,5,12,NO,A2,123590792,JULIAN PLBG & HTG CORP,40.74510956,-73.9832077,1,NO,,5,Medium,210740.5877,988903.0316,"https://nycdob.github.io/CycloMedia/simple#988903.031551737,210740.587720708"
1017019,2 PARK AVENUE,MANHATTAN,105,7,28,NO,A1,123139610,TULLA CONTRACTING CORP,40.74633026,-73.98259735,1,NO,,5,Medium,211185.3619,989072.0675,"https://nycdob.github.io/CycloMedia/simple#989072.067466967,211185.361923081"
1017592,23 EAST 39TH STREET,MANHATTAN,106,5,27,NO,NB,121192253,FLINTLOCK CONSTR SERV LLC,40.75088882,-73.98005676,0,NO,,5,Medium,212846.3431,989775.6562,"https://nycdob.github.io/CycloMedia/simple#989775.656220417,212846.343050726"
1017839,44 UNION SQUARE EAST,MANHATTAN,105,8,6,YES,A1,121193047,CNY CONSTRUCTION LLC,40.73624039,-73.98874664,3,NO,,5,Medium,207509.0216,987368.6439,"https://nycdob.github.io/CycloMedia/simple#987368.643905988,207509.021565202"
1018063,315 PARK AVENUE SOUTH,MANHATTAN,105,7,20,YES,A2,123507614,BEDROCK PLBG. & HTG. INC,40.74050903,-73.98562622,1,NO,,5,Medium,209064.3508,988233.1517,"https://nycdob.github.io/CycloMedia/simple#988233.151661008,209064.350816402"
1018493,227 LEXINGTON AVENUE,MANHATTAN,106,7,15,YES,NB,122345293,LIONS GROUP II LLC,40.74594116,-73.97973633,0,NO,,5,Medium,211043.7711,989864.8557,"https://nycdob.github.io/CycloMedia/simple#989864.855749164,211043.77110089"
1023158,1285 AVENUE OF THE AMERICAS,MANHATTAN,105,8,41,YES,A1,122095259,HENEGAN CONSTRUCTION CO.,40.76116943,-73.98052979,0,NO,,5,Medium,216591.8738,989643.7638,"https://nycdob.github.io/CycloMedia/simple#989643.763756869,216591.873831415"
1023395,106 WEST 56TH STREET,MANHATTAN,105,6,27,YES,NB,123057538,ANTHONY T. RINALDI LLC,40.76369095,-73.97837067,0,NO,,5,Medium,217510.6849,990241.6698,"https://nycdob.github.io/CycloMedia/simple#990241.66980207,217510.68488673"
1024909,5 COLUMBUS CIRCLE,MANHATTAN,105,9,20,YES,A1,122672704,VEMA GROUP LLC,40.76673889,-73.98142242,0,NO,,5,Medium,218620.9572,989396.0488,"https://nycdob.github.io/CycloMedia/simple#989396.048798666,218620.957175329"
1026772,433 WEST 53 STREET,MANHATTAN,104,5,7,YES,NB,122822605,BEST POINT MGMT CORP,40.76638031,-73.98901367,1,NO,,5,Medium,218489.9592,987293.265,"https://nycdob.github.io/CycloMedia/simple#987293.264970798,218489.959207248"
1034517,650 FIFTH AVENUE,MANHATTAN,105,5,36,YES,A2,123224910,JT MAGEN + CO INC,40.75976944,-73.97680664,2,NO,,5,Medium,216082.0614,990675.3082,"https://nycdob.github.io/CycloMedia/simple#990675.30815609,216082.061367985"
1035053,730 FIFTH AVENUE,MANHATTAN,105,7,25,YES,A1,122751771,STRUCTURE TONE LLC,40.76285934,-73.97471619,1,NO,,5,Medium,217207.9753,991254.1064,"https://nycdob.github.io/CycloMedia/simple#991254.106375687,217207.975270134"
1038564,232 EAST 54TH STREET,MANHATTAN,106,6,37,YES,NB,121190111,HUDSON 37 LLC,40.75756073,-73.96769714,0,NO,,5,Medium,215278.1557,993199.2291,"https://nycdob.github.io/CycloMedia/simple#993199.22912732,215278.155717057"
1038577,919 THIRD AVENUE,MANHATTAN,106,6,47,NO,A2,123662456,W & M SPRINKLER - NYC LLC,40.75896072,-73.96759033,1,NO,,5,Medium,215788.2301,993228.6316,"https://nycdob.github.io/CycloMedia/simple#993228.631625918,215788.230098977"
1040917,815 5 AVENUE,MANHATTAN,108,7,14,YES,A1,121327493,SAGEWOOD CONSTRUCTION & D,40.76641083,-73.97104645,1,NO,,5,Medium,218502.2124,992270.2674,"https://nycdob.github.io/CycloMedia/simple#992270.267425081,218502.212400883"
1041904,1000 THIRD AVENUE,MANHATTAN,108,8,10,YES,A2,123544780,CODE FIRE PROTECTION CORP,40.7621994,-73.96717072,0,NO,,5,Medium,216968.2298,993344.4382,"https://nycdob.github.io/CycloMedia/simple#993344.438163504,216968.229836524"
1044226,305 EAST 61ST STREET,MANHATTAN,108,5,10,YES,A2,123455803,CROSSFIELD PLBG & HTG COR,40.76184845,-73.96272278,3,NO,,5,Medium,216840.8595,994576.6695,"https://nycdob.github.io/CycloMedia/simple#994576.669463931,216840.859524039"
1046433,27 EAST 79TH STREET,MANHATTAN,108,4,15,NO,NB,121190852,PRESS BUILDERS INC,40.77671051,-73.96234894,1,NO,,5,Medium,222255.646,994677.9047,"https://nycdob.github.io/CycloMedia/simple#994677.904679412,222255.646047949"
1046609,993 5TH AVENUE,MANHATTAN,108,8,17,YES,A1,122981577,JOHN PETROCELLI CONSTRUCT,40.77782059,-73.962677,0,NO,,5,Medium,222660.0455,994586.8712,"https://nycdob.github.io/CycloMedia/simple#994586.871188286,222660.045532208"
1047572,1444 3 AVENUE,MANHATTAN,108,5,10,YES,NB,121331424,NEXUS BUILDING DEVELOPMNT,40.77627182,-73.95626831,0,NO,,5,Medium,222096.5988,996362.0857,"https://nycdob.github.io/CycloMedia/simple#996362.085665006,222096.598788889"
1049869,1562 SECOND AVENUE,MANHATTAN,108,4,19,NO,NB,122143377,CM AND ASSOCIATES CONSTRU,40.77465057,-73.95368958,1,NO,,5,Medium,221506.2915,997076.6137,"https://nycdob.github.io/CycloMedia/simple#997076.613672972,221506.291461665"
1050732,427 EAST 90TH STREET,MANHATTAN,108,5,11,YES,NB,123325687,B.O.S.S. ASSOCIATES INC,40.77899933,-73.94587708,0,NO,,5,Medium,223091.9294,999239.4652,"https://nycdob.github.io/CycloMedia/simple#999239.465188328,223091.929382703"
1051260,511 EAST 86TH STREET,MANHATTAN,108,4,25,NO,NB,123062078,K S K CONSTRUCTION GROUP,40.77598953,-73.94647217,1,NO,,5,Medium,221995.2582,999075.323,"https://nycdob.github.io/CycloMedia/simple#999075.323011611,221995.258170108"
1054368,1940 LEXINGTON AVENUE,MANHATTAN,111,5,12,NO,A2,123495379,MILLENNIUM MECH CONT INC,40.80113983,-73.94048309,1,NO,,5,Medium,231159.4434,1000727.86,"https://nycdob.github.io/CycloMedia/simple#1000727.85962088,231159.443381813"
1056462,814 AMSTERDAM AVENUE,MANHATTAN,107,6,15,NO,NB,123305878,MJM ASSOCIATES CONSTR LLC,40.79661942,-73.96891022,0,NO,,5,Medium,229508.4277,992858.1069,"https://nycdob.github.io/CycloMedia/simple#992858.106861564,229508.427705523"
1076268,277 PARK AVENUE,MANHATTAN,105,6,52,NO,A2,123679028,PAR PLUMBING CO. INC,40.75524902,-73.97425842,3,NO,,5,Medium,214435.3236,991381.7306,"https://nycdob.github.io/CycloMedia/simple#991381.730571788,214435.323564547"
1080089,708 BROADWAY,MANHATTAN,102,6,10,NO,A2,123459747,EAST COAST MECHANICAL LLC,40.72853088,-73.99320984,1,NO,,5,Medium,204700.0808,986131.9757,"https://nycdob.github.io/CycloMedia/simple#986131.975748298,204700.080784745"
1081783,461 WEST 126TH STREET,MANHATTAN,109,5,11,YES,A1,121629023,MIKOT CONSTRUCTION INC,40.81372833,-73.9549408,1,NO,,5,Medium,235743.49,996722.7391,"https://nycdob.github.io/CycloMedia/simple#996722.73911532,235743.490011836"
1082351,3009 BROADWAY,MANHATTAN,109,8,14,YES,A2,123424348,A. M. PLUMBING COMPANY,40.80926895,-73.96369934,0,NO,,5,Medium,234117.6528,994298.979,"https://nycdob.github.io/CycloMedia/simple#994298.97901516,234117.652786754"
1083719,1345 6TH AVENUE,MANHATTAN,105,8,49,NO,A1,123429726,PLAZA CONSTRUCTION LLC,40.76306915,-73.97926331,0,NO,,5,Medium,217284.0845,989994.4482,"https://nycdob.github.io/CycloMedia/simple#989994.448173565,217284.084467445"
1083922,1450 MADISON AVENUE,MANHATTAN,111,10,14,NO,A2,123519102,FRESH MEADOW MECH PLBG LL,40.78987885,-73.95326233,0,NO,,5,Medium,227054.53,997191.9879,"https://nycdob.github.io/CycloMedia/simple#997191.987913577,227054.529973792"
1084572,100 WEST 94TH STREET,MANHATTAN,107,8,26,YES,A2,123515017,J&M PLUMBING OF WESTCHEST,40.79140854,-73.96903992,0,NO,,5,Medium,227609.9124,992822.8667,"https://nycdob.github.io/CycloMedia/simple#992822.866743085,227609.912393851"
1084771,301 PARK AVENUE,MANHATTAN,105,8,43,YES,A1,121191245,TISHMAN CONSTRUCTION CORP,40.75650024,-73.97335052,0,NO,,5,Medium,214891.2592,991633.1259,"https://nycdob.github.io/CycloMedia/simple#991633.125944762,214891.259159839"
1085726,525 8TH AVENUE,MANHATTAN,104,5,31,YES,NB,121191165,OMNIBUILD CONSTRUCTION IN,40.75381851,-73.99266815,0,NO,,5,Medium,213913.1789,986281.3398,"https://nycdob.github.io/CycloMedia/simple#986281.339760827,213913.178945885"
1087137,1230 YORK AVENUE,MANHATTAN,108,8,5,YES,A2,140617811,FCV SEWER & WATER INC,40.76255035,-73.95572662,1,NO,,5,Medium,217097.4885,996514.6399,"https://nycdob.github.io/CycloMedia/simple#996514.639918961,217097.488450361"
1088498,139 ORCHARD ST,MANHATTAN,103,7,16,YES,NB,104870392,CONCEPT CONSTRUCTION SERV,40.72008896,-73.98951721,0,NO,,5,Medium,201624.5275,987155.8003,"https://nycdob.github.io/CycloMedia/simple#987155.800283132,201624.527489947"
1088646,56 LEONARD STREET,MANHATTAN,101,5,56,NO,A2,123129248,FORTE EXPRESS P & H INC,40.71765137,-74.00624084,6,NO,,5,Medium,200736.326,982519.9916,"https://nycdob.github.io/CycloMedia/simple#982519.991578891,200736.3259552"
1088692,100 FRANKLIN STREET,MANHATTAN,101,6,6,YES,NB,121185975,DDG DEVELOPMENT LLC,40.71892929,-74.00538635,2,NO,,5,Medium,201201.8969,982756.8918,"https://nycdob.github.io/CycloMedia/simple#982756.891776147,201201.896916017"
1088869,1 WEST END AVENUE,MANHATTAN,107,6,42,NO,A2,123150473,RENTOM GROUP CORP,40.77220154,-73.99091339,6,NO,,5,Medium,220610.7658,986766.8137,"https://nycdob.github.io/CycloMedia/simple#986766.813737238,220610.765792745"
1088870,21 WEST END AVENUE,MANHATTAN,107,5,45,NO,A2,123320833,SAI JI PLUMBING INC,40.77233887,-73.98993683,2,NO,,5,Medium,220660.8289,987037.2968,"https://nycdob.github.io/CycloMedia/simple#987037.296786202,220660.828937766"
1089419,19 EAST HOUSTON STREET,MANHATTAN,102,9,6,YES,NB,121187090,TRITON CONSTRUCTION CO.,40.72507858,-73.99632263,0,NO,,5,Medium,203442.2488,985269.2801,"https://nycdob.github.io/CycloMedia/simple#985269.280118235,203442.248843348"
1089434,524 EAST 74 STREET,MANHATTAN,108,2,16,YES,NB,121237633,TURNER CONSTRUCTION COMPA,40.76723862,-73.95156097,1,NO,,5,Medium,218806.1878,997667.6662,"https://nycdob.github.io/CycloMedia/simple#997667.666222327,218806.18779494"
1089664,435 WEST 31 STREET,MANHATTAN,104,6,65,YES,A1,121187697,TISHMAN INTERIORS CORP,40.75239182,-73.99874115,1,NO,,5,Medium,213393.3046,984598.7807,"https://nycdob.github.io/CycloMedia/simple#984598.780686228,213393.304612145"
1089691,400 11TH AVENUE,MANHATTAN,104,2,14,NO,NB,121186705,TISHMAN CONSTRUCTION CORP,40.75592041,-74.00119781,1,NO,,5,Medium,214678.886,983918.1475,"https://nycdob.github.io/CycloMedia/simple#983918.147471698,214678.885965129"
1089711,1228 YORK AVENUE,MANHATTAN,108,6,3,YES,NB,121192761,TURNER CONSTRUCTION COMPA,40.76293945,-73.95658112,4,NO,,5,Medium,217239.1316,996277.8577,"https://nycdob.github.io/CycloMedia/simple#996277.857683483,217239.131555762"
1089732,113 WEST 24 STREET,MANHATTAN,104,3,43,YES,NB,121204598,FLINTLOCK CONSTR SERV LLC,40.74406052,-73.99294281,1,NO,,5,Medium,210358.0211,986205.5302,"https://nycdob.github.io/CycloMedia/simple#986205.53020411,210358.0210948"
1089811,16 EAST 39TH STREET,MANHATTAN,105,7,22,NO,NB,121190317,OMNIBUILD CONSTRUCTION IN,40.75099182,-73.9814682,0,NO,,5,Medium,212883.7822,989384.5823,"https://nycdob.github.io/CycloMedia/simple#989384.582334927,212883.782233434"
1089831,41 EAST 22ND STREET,MANHATTAN,105,6,58,YES,A2,140182193,WDF INC,40.73994827,-73.98731232,8,NO,,5,Medium,208859.9758,987765.9432,"https://nycdob.github.io/CycloMedia/simple#987765.943189555,208859.975815855"
1089891,180 BROOME STREET,MANHATTAN,103,4,25,NO,NB,121191110,T.G. NICKEL & ASSOCIATES,40.71733093,-73.9864502,4,NO,,5,Medium,200619.8107,988006.1243,"https://nycdob.github.io/CycloMedia/simple#988006.124349577,200619.810721685"
1090103,251 WEST 117TH STREET,MANHATTAN,110,5,13,NO,NB,121204053,ARTIMUS CONSTRUCTION INC,40.80472946,-73.95339203,0,NO,,5,Medium,232465.1066,997153.1943,"https://nycdob.github.io/CycloMedia/simple#997153.194338139,232465.106631438"
1090122,66 HUDSON BOULEVARD,MANHATTAN,104,4,64,NO,NB,122885422,TURNER CONSTRUCTION COMPA,40.75476074,-74.00083923,1,NO,,5,Medium,214256.3801,984017.4878,"https://nycdob.github.io/CycloMedia/simple#984017.487811301,214256.380085208"
1090150,350 WEST 39 STREET,MANHATTAN,104,7,25,NO,NB,121193608,OMNIBUILD CONSTRUCTION IN,40.75605011,-73.99347687,0,NO,,5,Medium,214726.2048,986057.2188,"https://nycdob.github.io/CycloMedia/simple#986057.218847039,214726.204807947"
1090163,450 WEST 126 STREET,MANHATTAN,109,3,11,YES,NB,121643043,LENDLEASE(US)CONSTRUCTION,40.81290054,-73.95498657,1,NO,,5,Medium,235441.8903,996710.2228,"https://nycdob.github.io/CycloMedia/simple#996710.222840139,235441.89030212"
1090212,239 10 AVENUE,MANHATTAN,104,7,11,YES,A2,140684551,REIDY CONTRACTING GROUP,40.74863052,-74.00382996,3,NO,,5,Medium,212022.9655,983188.8013,"https://nycdob.github.io/CycloMedia/simple#983188.801269905,212022.96554095"
1090229,71 4TH AVENUE,MANHATTAN,103,7,10,YES,NB,121193476,CCNY CONSTRUCTION INC,40.73099899,-73.99008942,0,NO,,5,Medium,205599.3723,986996.737,"https://nycdob.github.io/CycloMedia/simple#986996.7370228,205599.372334442"
1090301,22 NORTH LOOP ROAD,MANHATTAN,108,4,19,NO,NB,121203697,HUNTER ROBERTS CONST. GRP,40.75548935,-73.95623016,4,NO,,5,Medium,214524.8639,996376.4344,"https://nycdob.github.io/CycloMedia/simple#996376.434369431,214524.86385097"
1090305,301 EAST 80TH STREET,MANHATTAN,108,4,30,NO,NB,122847241,CM AND ASSOCIATES CONSTRU,40.77410889,-73.9540863,4,NO,,5,Medium,221308.8789,996966.8351,"https://nycdob.github.io/CycloMedia/simple#996966.835097503,221308.878909011"
1090379,337 WEST 36TH STREET,MANHATTAN,104,6,23,NO,A2,123557123,WNW & SONS PLUMBING & HTG,40.75431061,-73.993927,1,NO,,5,Medium,214092.4388,985932.5541,"https://nycdob.github.io/CycloMedia/simple#985932.554115794,214092.43877065"
1090392,44 WEST 37 STREET,MANHATTAN,105,5,15,NO,NB,122877253,OMNIBUILD CONSTRUCTION IN,40.75102997,-73.98539734,0,NO,,5,Medium,212897.4745,988295.9387,"https://nycdob.github.io/CycloMedia/simple#988295.938653434,212897.474511976"
1090440,302 EAST 96TH STREET,MANHATTAN,108,5,21,NO,NB,121193074,WONDER WORKS CONSTR CORP,40.78377914,-73.94671631,0,NO,,5,Medium,224833.2355,999005.9784,"https://nycdob.github.io/CycloMedia/simple#999005.978359301,224833.235500047"
1090444,615 10 AVE,MANHATTAN,104,5,7,YES,NB,121190889,LEEDING BUILDERS GROUP LL,40.76137924,-73.99463654,1,NO,,5,Medium,216667.7599,985735.8166,"https://nycdob.github.io/CycloMedia/simple#985735.816616671,216667.759949228"
1090514,16 EAST 30 STREET,MANHATTAN,105,5,20,YES,NB,121237312,TRIBOROUGH CONSTRUCTION S,40.74531174,-73.98552704,0,NO,,5,Medium,210814.1333,988260.3472,"https://nycdob.github.io/CycloMedia/simple#988260.347151647,210814.133284292"
1090526,520 PARK AVENUE,MANHATTAN,108,9,51,YES,A2,123593664,S.O.S. PLBG & HTG LTD,40.76404953,-73.97000122,0,NO,,5,Medium,217642.0112,992560.0947,"https://nycdob.github.io/CycloMedia/simple#992560.094744858,217642.01118115"
1090540,149 CHURCH STREET,MANHATTAN,101,5,12,YES,NB,122131371,T.G. NICKEL & ASSOCIATES,40.7145195,-74.00798798,0,NO,,5,Medium,199595.3308,982035.5698,"https://nycdob.github.io/CycloMedia/simple#982035.569768429,199595.33080647"
1090551,253 EAST 62ND STREET,MANHATTAN,108,6,10,NO,NB,121332138,B GENCO CONTRACTING CORP,40.76269913,-73.96317291,0,NO,,5,Medium,217150.7365,994451.8414,"https://nycdob.github.io/CycloMedia/simple#994451.841362829,217150.73651839"
1090582,601 WASHINGTON ST,MANHATTAN,102,5,9,YES,NB,121329053,TITANIUM CONSTRUCTION SER,40.73054886,-74.00859833,1,NO,,5,Medium,205435.3359,981866.9411,"https://nycdob.github.io/CycloMedia/simple#981866.941079942,205435.335936811"
1090610,570 BROOME STREET,MANHATTAN,102,7,25,YES,NB,121186563,K S K CONSTRUCTION GROUP,40.72465134,-74.00655365,0,NO,,5,Medium,203286.6364,982433.4705,"https://nycdob.github.io/CycloMedia/simple#982433.470468365,203286.636431853"
1090631,25 WEST 38 STREET,MANHATTAN,105,6,26,YES,NB,121332450,PAV-LAK CONTRACTING INC,40.75177002,-73.98409271,0,NO,,5,Medium,213167.162,988657.3607,"https://nycdob.github.io/CycloMedia/simple#988657.360695162,213167.162029522"
1090636,4 WEST 37TH STREET,MANHATTAN,105,7,24,YES,NB,121192173,CCNY CONSTRUCTION INC,40.75043869,-73.98399353,0,NO,,5,Medium,212682.1208,988684.9293,"https://nycdob.github.io/CycloMedia/simple#988684.929273183,212682.120797615"
1090641,315 EAST 46TH STREET,MANHATTAN,106,5,9,NO,NB,122481741,PLAZA CONSTRUCTION LLC,40.75217819,-73.96929932,4,NO,,5,Medium,213316.9629,992756.0482,"https://nycdob.github.io/CycloMedia/simple#992756.048202792,213316.962903457"
1090642,821 1ST AVENUE,MANHATTAN,106,5,35,NO,NB,121191138,TISHMAN CONSTRUCTION CORP,40.75139999,-73.96853638,0,NO,,5,Medium,213033.5152,992967.5329,"https://nycdob.github.io/CycloMedia/simple#992967.532938597,213033.515164934"
1090647,614 WEST 131 STREET,MANHATTAN,109,8,1,YES,NB,121187161,TURNER CONSTRUCTION COMPA,40.81785965,-73.95861816,0,NO,,5,Medium,237248.1747,995704.1039,"https://nycdob.github.io/CycloMedia/simple#995704.103940624,237248.174721769"
1090648,333 WEST 38 STREET,MANHATTAN,104,5,22,YES,NB,121187429,W & L GROUP CONSTRUCTION,40.75555038,-73.99302673,0,NO,,5,Medium,214544.1482,986181.942,"https://nycdob.github.io/CycloMedia/simple#986181.942009325,214544.148222763"
1090662,1802 2ND AVENUE,MANHATTAN,108,6,24,YES,NB,121191361,T.G. NICKEL & ASSOCIATES,40.78236008,-73.94809723,0,NO,,5,Medium,224315.9915,998623.8632,"https://nycdob.github.io/CycloMedia/simple#998623.863197231,224315.991484216"
1090665,150 EAST 23 STREET,MANHATTAN,106,6,19,YES,NB,121981748,W & L GROUP CONSTRUCTION,40.73891068,-73.98404694,0,NO,,5,Medium,208482.0941,988670.897,"https://nycdob.github.io/CycloMedia/simple#988670.896984709,208482.094067475"
1090671,111 VARICK STREET,MANHATTAN,102,6,27,YES,NB,122383152,CM AND ASSOCIATES CONSTRU,40.72460175,-74.00631714,0,NO,,5,Medium,203268.5641,982499.0249,"https://nycdob.github.io/CycloMedia/simple#982499.024945831,203268.564057474"
1090673,101 MORNINGSIDE AVENUE,MANHATTAN,109,7,11,YES,NB,122068467,PRESS BUILDERS INC,40.81015015,-73.95452118,0,NO,,5,Medium,234439.8894,996839.5691,"https://nycdob.github.io/CycloMedia/simple#996839.569115824,234439.889425291"
1090700,24 2 AVENUE,MANHATTAN,103,5,10,YES,NB,122445602,AORE OPERATIONS LLC,40.72430038,-73.99038696,0,NO,,5,Medium,203158.852,986914.5393,"https://nycdob.github.io/CycloMedia/simple#986914.539302377,203158.851966584"
1090708,206 WEST 95TH STREET,MANHATTAN,107,5,20,NO,NB,122484524,TRANSPARENT CONSTRUCTION,40.79343033,-73.97157288,0,NO,,5,Medium,228346.2824,992121.2498,"https://nycdob.github.io/CycloMedia/simple#992121.249764999,228346.282352032"
1090716,211 WEST 29TH STREET,MANHATTAN,105,5,23,YES,NB,122753635,K S K CONSTRUCTION GROUP,40.74829865,-73.99339294,0,NO,,5,Medium,211902.0973,986080.6826,"https://nycdob.github.io/CycloMedia/simple#986080.68262534,211902.097320536"
1090742,118 ORCHARD ST,MANHATTAN,103,6,12,YES,NB,122141351,TOWNHOUSE BUILDERS INC,40.7192688,-73.98948669,0,NO,,5,Medium,201325.7191,987164.2955,"https://nycdob.github.io/CycloMedia/simple#987164.295535277,201325.719087067"
1090782,165 CHRYSTIE STREET,MANHATTAN,103,5,10,YES,NB,121184707,NEXUS BUILDING DEVELOPMNT,40.72074127,-73.9928894,0,NO,,5,Medium,201862.0914,986221.0185,"https://nycdob.github.io/CycloMedia/simple#986221.018457607,201862.091365747"
1090783,11 AVE C,MANHATTAN,103,5,10,YES,NB,121185092,NOBLE CONSTRUCTION GR LLC,40.72101974,-73.98148346,0,NO,,5,Medium,201964.0101,989382.6629,"https://nycdob.github.io/CycloMedia/simple#989382.662852444,201964.010084057"
1090808,145 CENTRAL PARK NORTH,MANHATTAN,110,5,13,NO,NB,121203982,LOCUS CONSTRUCTION INC,40.79933167,-73.95443726,0,NO,,5,Medium,230498.348,996864.8512,"https://nycdob.github.io/CycloMedia/simple#996864.851153967,230498.347968645"
1090819,65 WEST BROADWAY,MANHATTAN,101,5,10,NO,NB,121190497,T.G. NICKEL & ASSOCIATES,40.71461105,-74.0096817,0,NO,,5,Medium,199628.7336,981566.0381,"https://nycdob.github.io/CycloMedia/simple#981566.038106831,199628.733609674"
1090823,145 WEST 47TH STREET,MANHATTAN,105,4,23,NO,NB,121187802,TB USA L.L.C,40.75893021,-73.98339081,1,NO,,5,Medium,215775.8868,988851.3395,"https://nycdob.github.io/CycloMedia/simple#988851.339532479,215775.88679475"
1803893,11 GREENE STREET,MANHATTAN,102,5,6,NO,NB,121186135,ROSS & ASSOCIATES LLC,40.72082901,-74.00315857,1,NO,,5,Medium,201893.9928,983374.4629,"https://nycdob.github.io/CycloMedia/simple#983374.462909946,201893.992816784"
2000972,2568 PARK AVENUE,BRONX,201,3,11,NO,NB,220152484,THE SWEET CONSTRUCTION GR,40.81288147,-73.92838287,3,NO,,5,Medium,235439.8437,1004074.43,"https://nycdob.github.io/CycloMedia/simple#1004074.43007427,235439.843653152"
2007859,1650 GRAND CONCOURSE,BRONX,204,9,16,YES,A2,220678167,TRI-STATE CONTRACTING GRO,40.8434906,-73.91101074,0,NO,,5,Medium,246596.2743,1008871.902,"https://nycdob.github.io/CycloMedia/simple#1008871.90164542,246596.274315291"
2012094,2265 HUGHES AVE,BRONX,206,8,7,YES,NB,220290824,C & J CONST AND PAINTING,40.8524704,-73.8884964,0,NO,,5,Medium,249875.0808,1015097.092,"https://nycdob.github.io/CycloMedia/simple#1015097.09206311,249875.08078538"
2013659,2065 RYER AVENUE,BRONX,205,2,12,NO,NB,220617205,UA BUILDERS CORP,40.85239029,-73.90139008,1,NO,,5,Medium,249841.6162,1011530.135,"https://nycdob.github.io/CycloMedia/simple#1011530.13469493,249841.616218593"
2083246,555 KAPPOCK STREET,BRONX,208,8,25,YES,A2,220679460,CC CONTROLLED PLBG CO INC,40.8780899,-73.91686249,0,NO,,5,Medium,259200.5431,1007240.854,"https://nycdob.github.io/CycloMedia/simple#1007240.85383156,259200.543127489"
2125857,198 EAST 135TH STREET,BRONX,201,3,25,NO,NB,220475322,CHESS BUILDERS LLC,40.80995941,-73.93100739,1,NO,,5,Medium,234374.651,1003348.774,"https://nycdob.github.io/CycloMedia/simple#1003348.77421872,234374.651011061"
2127129,600 BERGEN AVE,BRONX,201,4,13,NO,NB,220151868,MOUNTCO CONST. & DEV.CORP,40.81668854,-73.91470337,6,NO,,5,Medium,236830.2858,1007859.72,"https://nycdob.github.io/CycloMedia/simple#1007859.71978317,236830.285765914"
2128204,2865 CRESTON AVENUE,BRONX,207,4,13,YES,NB,220152395,HOLLISTER CONSTRUCTION SE,40.871521,-73.89161682,1,NO,,5,Medium,256814.8634,1014225.25,"https://nycdob.github.io/CycloMedia/simple#1014225.2504056,256814.863414457"
2128231,4511 3 AVENUE,BRONX,206,3,11,YES,NB,220152117,CHATSWORTH BUILDERS LLC,40.85385132,-73.89182281,2,NO,,5,Medium,250377.0485,1014176.23,"https://nycdob.github.io/CycloMedia/simple#1014176.22953446,250377.04853951"
2128373,1600 RANDALL AVENUE,BRONX,209,5,6,NO,NB,220152457,ANDRON CONSTRUCTION CORP,40.81575012,-73.86898041,1,NO,,5,Medium,236504.0142,1020516.131,"https://nycdob.github.io/CycloMedia/simple#1020516.13130156,236504.014174292"
2128441,2044 WESTCHESTER AVE,BRONX,209,3,11,NO,NB,220152572,PROCIDA CONSTRUCTION CORP,40.83346176,-73.8556366,1,NO,,5,Medium,242962.8066,1024199.051,"https://nycdob.github.io/CycloMedia/simple#1024199.05088795,242962.806574492"
2128505,220 EAST 178 STREET,BRONX,205,2,12,NO,NB,220546620,M. MELNICK & COMPANY INC,40.85012054,-73.90411377,1,NO,,5,Medium,249013.8257,1010777.539,"https://nycdob.github.io/CycloMedia/simple#1010777.53861335,249013.825717625"
2129011,111 EAST 172ND STREET,BRONX,204,5,14,YES,NB,220463558,MEGA CONTRACTING GP LLC,40.84167099,-73.91368866,0,NO,,5,Medium,245932.5808,1008131.618,"https://nycdob.github.io/CycloMedia/simple#1008131.61825432,245932.580823146"
2129056,556 BERGEN AVENUE,BRONX,201,4,12,NO,NB,220151859,MOUNTCO CONST. & DEV.CORP,40.81602859,-73.91546631,1,NO,,5,Medium,236589.6404,1007648.774,"https://nycdob.github.io/CycloMedia/simple#1007648.77370748,236589.640356597"
2129095,869 E 147 STREET,BRONX,201,5,13,YES,NB,220545952,REAL BUILDERS INC,40.81053925,-73.90428162,0,NO,,5,Medium,234592.8606,1010746.861,"https://nycdob.github.io/CycloMedia/simple#1010746.86066085,234592.860638733"
2129268,443 EAST 162 STREET,BRONX,203,3,12,NO,NB,220152144,BRONX COMMONS BUILDERS LL,40.82453156,-73.91152954,1,NO,,5,Medium,239688.6507,1008735.335,"https://nycdob.github.io/CycloMedia/simple#1008735.33471102,239688.650733164"
2831457,186 ST  GEORGE CRESCENT,BRONX,207,5,10,NO,NB,220600758,BE BRONX BUILDERS LLC,40.87644958,-73.88440704,0,NO,,5,Medium,258613.0909,1016216.869,"https://nycdob.github.io/CycloMedia/simple#1016216.86898749,258613.090891096"
2833311,707 CONCOURSE VILLAGE WEST,BRONX,204,5,11,YES,NB,220152634,JOY CONSTRUCTION CORP,40.82204056,-73.92427063,0,NO,,5,Medium,238777.7853,1005209.86,"https://nycdob.github.io/CycloMedia/simple#1005209.86043773,238777.785256709"
3000002,10 JAY STREET,BROOKLYN,302,5,10,NO,A2,321664472,PARKVIEW P&H INC,40.70462036,-73.98706055,1,NO,,5,Medium,195988.9395,987837.6136,"https://nycdob.github.io/CycloMedia/simple#987837.613607188,195988.939452366"
3000262,370 JAY STREET,BROOKLYN,302,6,17,YES,A2,321674746,SIRINA FIRE PROT CORP,40.69290924,-73.98766327,3,NO,,5,Medium,191722.2065,987671.1028,"https://nycdob.github.io/CycloMedia/simple#987671.102790312,191722.206536325"
3000265,6 METROTECH,BROOKLYN,302,8,8,YES,A1,321543497,SKANSKA USA BUILDING INC,40.69419861,-73.98661041,1,NO,,5,Medium,192192.004,987962.9989,"https://nycdob.github.io/CycloMedia/simple#987962.998940385,192192.004008248"
3000495,210 LIVINGSTON STREET,BROOKLYN,302,6,28,NO,A2,340655419,AMERICAN JERSEY IMPROVEME,40.68920898,-73.98562622,1,NO,,5,Medium,190374.1808,988236.2185,"https://nycdob.github.io/CycloMedia/simple#988236.218520325,190374.18077906"
3001479,25 COLUMBIA HEIGHTS,BROOKLYN,302,5,12,YES,A1,321194257,ARCHSTONE BUILDERS LLC,40.701931,-73.99385834,1,NO,,5,Medium,195008.9194,985952.916,"https://nycdob.github.io/CycloMedia/simple#985952.915962572,195008.919363766"
3001656,107 COLUMBIA HEIGHTS,BROOKLYN,302,7,11,NO,A1,321194710,CLIPPER REALTY CONSTRUCT*,40.69934845,-73.99536133,1,NO,,5,Medium,194067.9939,985536.2273,"https://nycdob.github.io/CycloMedia/simple#985536.227347424,194067.993858553"
3002549,50 COURT STREET,BROOKLYN,302,5,12,NO,A2,321846026,EL-ROC CONTG OF BKLYN INC,40.69240952,-73.99149323,1,NO,,5,Medium,191540.0155,986609.0341,"https://nycdob.github.io/CycloMedia/simple#986609.034141961,191540.015543527"
3020569,269 4 AVENUE,BROOKLYN,306,4,12,YES,NB,320596805,NEW EMPIRE BUILDER CORP,40.67535019,-73.98407745,1,NO,,5,Medium,185325.0951,988666.6492,"https://nycdob.github.io/CycloMedia/simple#988666.649231247,185325.095135098"
3029645,805 WASHINGTON AVENUE,BROOKLYN,308,5,9,YES,NB,321478548,HAPPY LIVING DEVELOPMENT,40.67234039,-73.96238708,1,NO,,5,Medium,184230.3791,994683.6669,"https://nycdob.github.io/CycloMedia/simple#994683.666896008,184230.379078477"
3057751,1134 FULTON STREET,BROOKLYN,303,7,10,YES,NB,321128999,EMPIRE MANAGEMENT & CON*,40.68070984,-73.95519257,0,NO,,5,Medium,187280.5467,996677.8368,"https://nycdob.github.io/CycloMedia/simple#996677.836798512,187280.54665253"
3119523,2107 DITMAS AVENUE,BROOKLYN,314,11,6,YES,A1,320913268,RAY BUILDERS INC,40.64023972,-73.95762634,0,NO,,5,Medium,172535.814,996009.9343,"https://nycdob.github.io/CycloMedia/simple#996009.934307141,172535.813962194"
3132046,1578 60 STREET,BROOKLYN,312,8,6,YES,NB,321063629,PROMPT BUILDERS NY INC,40.62490845,-73.99294281,0,NO,,5,Medium,166947.456,986209.0275,"https://nycdob.github.io/CycloMedia/simple#986209.027536198,166947.456002525"
3185973,8696 24TH AVENUE,BROOKLYN,311,8,4,YES,NB,321185374,TURNER CONSTRUCTION COMPA,40.59738159,-73.99196625,0,NO,,5,Medium,156918.7295,986481.0343,"https://nycdob.github.io/CycloMedia/simple#986481.034349887,156918.72952934"
3189556,2007 SURF AVENUE,BROOKLYN,313,6,18,YES,A2,340190046,FORTE CONSTRUCTION CORP,40.57543182,-73.98726654,1,NO,,5,Medium,148922.0319,987787.3413,"https://nycdob.github.io/CycloMedia/simple#987787.341295601,148922.031878493"
3322046,3028 WEST 29TH STREET,BROOKLYN,313,5,14,YES,A2,321457785,ADAM'S EUROPEAN CONTRACTI,40.57221985,-73.99636078,1,NO,,5,Medium,147751.5938,985261.0203,"https://nycdob.github.io/CycloMedia/simple#985261.020337629,147751.593844675"
3323539,277 SOUTH 5TH STREET,BROOKLYN,301,4,23,NO,NB,321192437,1 OAK CONTRACTING LLC,40.70959854,-73.95791626,2,NO,,5,Medium,197805.1778,995917.3338,"https://nycdob.github.io/CycloMedia/simple#995917.333825969,197805.177773468"
3332279,306 NORTH HENRY STREET,BROOKLYN,301,5,6,YES,NB,321194113,R. KING WINDOW CORP,40.72993088,-73.94371796,1,NO,,5,Medium,205215.0805,999848.9241,"https://nycdob.github.io/CycloMedia/simple#999848.924139052,205215.080461408"
3335922,30 COLUMBIA HEIGHTS,BROOKLYN,302,7,12,YES,A1,321194346,ARCHSTONE BUILDERS LLC,40.70174026,-73.99506378,1,NO,,5,Medium,194939.4078,985618.683,"https://nycdob.github.io/CycloMedia/simple#985618.682956998,194939.407830038"
3346567,98 FRONT STREET,BROOKLYN,302,5,10,NO,NB,321191839,TRITON CONSTRUCTION CO.,40.70198059,-73.98889923,0,NO,,5,Medium,195027.1222,987327.939,"https://nycdob.github.io/CycloMedia/simple#987327.938978639,195027.122196108"
3400818,340 EVERGREEN AV,BROOKLYN,304,6,5,YES,NB,321181993,Y.N.H. CONSTRUCTION INC,40.69417953,-73.92507935,2,NO,,5,Medium,192193.6559,1005025.872,"https://nycdob.github.io/CycloMedia/simple#1005025.87220619,192193.655854976"
3401675,60 FURMAN STREET,BROOKLYN,302,6,10,NO,A2,321801984,T.S.M. MECHANICAL CORP,40.70223999,-73.9955368,1,NO,,5,Medium,195121.4656,985487.517,"https://nycdob.github.io/CycloMedia/simple#985487.517044915,195121.465643122"
3421372,453 HINSDALE STREET,BROOKLYN,305,5,7,YES,NB,321190670,BRP CONSTRUCTION GROUP LL,40.66392899,-73.89820862,1,NO,,5,Medium,181180.0332,1012490.063,"https://nycdob.github.io/CycloMedia/simple#1012490.06345139,181180.03323909"
3421430,569 MARCY AVE,BROOKLYN,303,5,9,NO,NB,321042590,EMPIRE ID CONSTRUCTION,40.69562912,-73.94898224,1,NO,,5,Medium,192717.0175,998397.1737,"https://nycdob.github.io/CycloMedia/simple#998397.173728619,192717.017518042"
3421807,21 FLUSHING AVENUE,BROOKLYN,302,9,5,NO,NB,321183599,ZDG LLC,40.69816971,-73.97873688,0,NO,,5,Medium,193639.2249,990146.018,"https://nycdob.github.io/CycloMedia/simple#990146.018032731,193639.224896098"
3421880,911 ERSKINE STREET,BROOKLYN,305,7,9,YES,NB,321195096,CHATEAU GC LLC,40.65396118,-73.86679077,1,NO,,5,Medium,177560.18,1021211.858,"https://nycdob.github.io/CycloMedia/simple#1021211.85804086,177560.179970042"
3422544,145 PRESIDENT STREET,BROOKLYN,306,8,7,YES,NB,321192981,NOBLE CONSTRUCTION GR LLC,40.68331909,-74.00099945,0,NO,,5,Medium,188227.996,983972.8021,"https://nycdob.github.io/CycloMedia/simple#983972.802146885,188227.996004353"
3424494,112 ST EDWARDS STREET,BROOKLYN,302,4,18,NO,NB,321186541,INGERSOLL BUILDERS LLC,40.69384003,-73.9779129,1,NO,,5,Medium,192061.8506,990374.8944,"https://nycdob.github.io/CycloMedia/simple#990374.894399425,192061.850591393"
3424693,76 DINSMORE PLACE,BROOKLYN,305,5,5,YES,NB,302575256,LEON D. DEMATTEIS CONSTRU,40.68127823,-73.87640381,1,NO,,5,Medium,187508.6332,1018530.467,"https://nycdob.github.io/CycloMedia/simple#1018530.46690357,187508.633166526"
3425091,85 JAY STREET,BROOKLYN,302,4,21,NO,NB,321188415,NEW LINE STRUCTURES & DEV,40.701931,-73.98573303,1,NO,,5,Medium,195009.1818,988205.842,"https://nycdob.github.io/CycloMedia/simple#988205.842035449,195009.181810051"
3425096,5521 8TH AVENUE,BROOKLYN,312,8,6,YES,NB,320528489,MANDARIN ENTPRSES II INC,40.63776016,-74.00675201,0,NO,,5,Medium,171629.6734,982376.0481,"https://nycdob.github.io/CycloMedia/simple#982376.048074787,171629.673431529"
3425135,1520 FULTON STREET,BROOKLYN,303,4,10,YES,NB,321129792,SUPREME BUILDERS & DEVELO,40.67958069,-73.93993378,1,NO,,5,Medium,186871.6982,1000910.312,"https://nycdob.github.io/CycloMedia/simple#1000910.31200733,186871.698150681"
3425443,541 4TH AVE,BROOKLYN,307,6,11,NO,NB,321238264,SD BUILDERS AND CONSTRUCT,40.66632843,-73.99163055,0,NO,,5,Medium,182037.9214,986571.859,"https://nycdob.github.io/CycloMedia/simple#986571.858953509,182037.921401573"
3425875,33 REMSEN AVE,BROOKLYN,317,8,6,YES,NB,321047791,HOLLISTER CONSTRUCTION SE,40.66291046,-73.9307785,0,NO,,5,Medium,180800.1362,1003454.47,"https://nycdob.github.io/CycloMedia/simple#1003454.47002118,180800.136156979"
3426190,424 ALBEE SQUARE,BROOKLYN,302,3,35,NO,NB,321191027,GILBANE BUILDING COMPANY,40.69112015,-73.98383331,1,NO,,5,Medium,191070.5602,988733.3094,"https://nycdob.github.io/CycloMedia/simple#988733.309410671,191070.560213406"
3426198,486 NEPTUNE AVENUE,BROOKLYN,313,6,42,NO,NB,320622714,SUFFOLK CONSTRUCTION COMP,40.57931137,-73.97338104,0,NO,,5,Medium,150336.3136,991644.2881,"https://nycdob.github.io/CycloMedia/simple#991644.288068493,150336.313642019"
3426306,61 BOND STREET,BROOKLYN,302,7,13,YES,NB,320914221,BROADWAY CONSTRUCTION GR,40.68782043,-73.98374176,0,NO,,5,Medium,189868.3829,988758.9217,"https://nycdob.github.io/CycloMedia/simple#988758.921737136,189868.382910874"
3858777,50 BRIDGE PARK DRIVE,BROOKLYN,302,5,30,NO,NB,321189003,SUFFOLK CONSTRUCTION COMP,40.69282913,-74.00068665,0,NO,,5,Medium,191692.7804,984059.5859,"https://nycdob.github.io/CycloMedia/simple#984059.585886162,191692.780443218"
4000539,2100 49TH AVENUE,QUEENS,402,10,8,NO,A1,420656686,ARCHSTONE BUILDERS LLC,40.74219131,-73.94891357,1,NO,,5,Medium,209681.0606,998406.321,"https://nycdob.github.io/CycloMedia/simple#998406.320966583,209681.060569268"
4000561,22-43 JACKSON AVENUE,QUEENS,402,4,11,YES,NB,420659406,ZHONG WANG CONSTRUCTION S,40.7458992,-73.94622803,1,NO,,5,Medium,211032.4068,999149.671,"https://nycdob.github.io/CycloMedia/simple#999149.670976362,211032.406802418"
4003540,30-30 47TH AVENUE,QUEENS,402,8,10,NO,A2,421697514,L&J PLG & HTG CO OF NY IN,40.74221039,-73.93643951,0,NO,,5,Medium,209690.2717,1001862.944,"https://nycdob.github.io/CycloMedia/simple#1001862.94392866,209690.271656153"
4004871,29-61 NORTHERN BLVD,QUEENS,401,5,63,NO,NB,421522267,HUNTER ROBERTS CONST. GRP,40.75094986,-73.93637848,0,NO,,5,Medium,212874.3525,1001877.545,"https://nycdob.github.io/CycloMedia/simple#1001877.54451074,212874.352523114"
4006132,27-13 21 STREET,QUEENS,401,3,12,YES,NB,420993740,ALL CITY REMODELING INC,40.77169037,-73.9258728,1,NO,,5,Medium,220433.0865,1004781.946,"https://nycdob.github.io/CycloMedia/simple#1004781.94550434,220433.086514641"
4113393,141-26 NORTHERN BLVD,QUEENS,407,6,11,YES,NB,421191560,AAA GENERAL CONSTRUCTION,40.76411057,-73.82472992,0,NO,,5,Medium,217711.3986,1032802.266,"https://nycdob.github.io/CycloMedia/simple#1032802.26550748,217711.398590446"
4206529,80-08 135 STREET,QUEENS,408,9,6,YES,A1,420652378,PAV-LAK CONTRACTING INC,40.71546173,-73.82383728,1,NO,,5,Medium,199987.6181,1033085.183,"https://nycdob.github.io/CycloMedia/simple#1033085.18323331,199987.618104201"
4209584,89-48 164TH STREET,QUEENS,412,7,12,YES,NB,420657113,BANTA HOMES CORP,40.70598984,-73.79657745,0,NO,,5,Medium,196553.1033,1040650.054,"https://nycdob.github.io/CycloMedia/simple#1040650.05358742,196553.103273811"
4537881,38-39 9TH STREET,QUEENS,401,2,16,NO,NB,421634020,PACIFIC RIM,40.75804138,-73.94391632,1,NO,,5,Medium,215456.5967,999787.3891,"https://nycdob.github.io/CycloMedia/simple#999787.389136639,215456.596652296"
4539113,27-17 42 ROAD,QUEENS,402,4,25,YES,NB,402654971,MILESTONE CONSTRUCTION C,40.74932861,-73.93993378,8,NO,,5,Medium,212282.9849,1000892.887,"https://nycdob.github.io/CycloMedia/simple#1000892.88725249,212282.984924845"
4540366,34-46 VERNON BOULEVARD,QUEENS,401,7,17,YES,NB,420569085,VORDONIA CONTRACTING & SU,40.76480103,-73.94207764,0,NO,,5,Medium,217919.6876,1000295.149,"https://nycdob.github.io/CycloMedia/simple#1000295.1485451,217919.687585099"
4594151,47-40 CENTER BLVD,QUEENS,402,5,6,NO,NB,420606829,TRITON STRUCTURAL CONCRET,40.74547958,-73.95871735,1,NO,,5,Medium,210877.6494,995689.0791,"https://nycdob.github.io/CycloMedia/simple#995689.079105073,210877.649392096"
4596913,22-44 JACKSON AVENUE,QUEENS,402,6,48,YES,A2,440202326,ARMON MECHANICAL INC,40.74473953,-73.94551086,14,NO,,5,Medium,210610.0256,999348.6524,"https://nycdob.github.io/CycloMedia/simple#999348.652419862,210610.025565106"
4597144,37-09 COLLEGE POINT BLVD,QUEENS,407,4,16,YES,NB,420653858,TOP 8 CONSTRUCTION CORP,40.76005936,-73.8348465,1,NO,,5,Medium,216229.9674,1030002.618,"https://nycdob.github.io/CycloMedia/simple#1030002.61824941,216229.967397956"
4607310,138-35 39 AVENUE,QUEENS,407,6,17,NO,A2,421694312,FLYTIGER P & H LTD,40.76123047,-73.82771301,3,NO,,5,Medium,216660.4474,1031977.972,"https://nycdob.github.io/CycloMedia/simple#1031977.97179368,216660.447414204"
4607513,1732 HANCOCK STREET,QUEENS,405,5,5,NO,NB,421261501,KNOCKOUT CONSTRUCTION INC,40.69992065,-73.90381622,1,NO,,5,Medium,194291.073,1010919.944,"https://nycdob.github.io/CycloMedia/simple#1010919.94365667,194291.073049741"
4607546,38-70 12TH STREET,QUEENS,401,3,16,NO,NB,421260129,U-BUILD CONSTRUCTION LLC,40.75658035,-73.94262695,1,NO,,5,Medium,214924.5276,1000144.943,"https://nycdob.github.io/CycloMedia/simple#1000144.94337808,214924.527581417"
4611484,36-02 34 AVENUE,QUEENS,401,6,4,YES,NB,421368166,URBAN ATELIER GROUP LLC,40.75722885,-73.92328644,1,NO,,5,Medium,215164.8976,1005502.938,"https://nycdob.github.io/CycloMedia/simple#1005502.93758975,215164.897580847"
4617504,4519 ROCKAWAY BEACH BOULEVARD,QUEENS,414,7,8,NO,NB,420662410,L & M BUILDERS GROUP LLC,40.59360123,-73.7765274,1,NO,,5,Medium,155620.5103,1046313.491,"https://nycdob.github.io/CycloMedia/simple#1046313.49117437,155620.510313003"
4617713,42-10 27 STREET,QUEENS,402,5,20,YES,NB,421073803,LIONS GROUP II LLC,40.75009918,-73.94024658,0,NO,,5,Medium,212563.6686,1000806.025,"https://nycdob.github.io/CycloMedia/simple#1000806.02506598,212563.668626627"
4617742,9-02 38 AVE,QUEENS,401,6,13,NO,NB,420875333,SUPERIOR GLEN CONSTRUCTIO,40.75870132,-73.94322968,0,NO,,5,Medium,215697.1578,999977.4611,"https://nycdob.github.io/CycloMedia/simple#999977.46114903,215697.157789923"
4618203,37-12 PRINCE STREET,QUEENS,407,7,14,YES,NB,421339698,TOP 8 CONSTRUCTION CORP,40.75959015,-73.83360291,0,NO,,5,Medium,216059.6719,1030347.456,"https://nycdob.github.io/CycloMedia/simple#1030347.45574213,216059.671940767"
4618218,21-30 44TH DRIVE,QUEENS,402,8,8,NO,A1,421231893,CM AND ASSOCIATES CONSTRU,40.74758911,-73.94611359,1,NO,,5,Medium,211648.1149,999181.0026,"https://nycdob.github.io/CycloMedia/simple#999181.002648098,211648.114862136"
4618349,133-21 39 AVE,QUEENS,407,6,15,NO,NB,420653607,TOP 8 CONSTRUCTION CORP,40.75959015,-73.83360291,0,NO,,5,Medium,216059.6719,1030347.456,"https://nycdob.github.io/CycloMedia/simple#1030347.45574213,216059.671940767"
4618566,41-62 BOWNE STREET,QUEENS,407,3,14,NO,NB,421210022,AAA GENERAL CONSTRUCTION,40.75754929,-73.82314301,1,NO,,5,Medium,215321.7978,1033246.689,"https://nycdob.github.io/CycloMedia/simple#1033246.6886645,215321.797843601"
4618758,37-46 72 STREET,QUEENS,403,6,15,YES,NB,420653000,BRAVO BUILDERS LLC,40.74723053,-73.89434814,0,NO,,5,Medium,211530.5337,1013524.473,"https://nycdob.github.io/CycloMedia/simple#1013524.47267372,211530.533728906"
4854202,38-42 11 STREET,QUEENS,401,4,10,YES,NB,420652396,DIVISION BUILDERS INC,40.75746155,-73.94291687,1,NO,,5,Medium,215245.5231,1000064.414,"https://nycdob.github.io/CycloMedia/simple#1000064.41398446,215245.52311587"
5039658,2655 RICHMOND AVENUE,STATEN ISLAND,502,8,2,NO,A2,520359852,ABCO-PEERLESS SPRKLR CORP,40.58187103,-74.16586304,11,NO,,5,Medium,151311.357,938177.8967,"https://nycdob.github.io/CycloMedia/simple#938177.896730427,151311.356996641"
5086669,2601 VETERANS ROAD WEST,STATEN ISLAND,503,6,4,YES,NB,520135746,HOLLISTER CONSTRUCTION SE,40.55155182,-74.21925354,2,NO,,5,Medium,140297.9598,923319.8906,"https://nycdob.github.io/CycloMedia/simple#923319.890629408,140297.959789037"
5164494,55 RICHMOND TERRACE,STATEN ISLAND,501,7,2,NO,NB,520208828,EMPIRE OUTLET BUILDERS,40.64413834,-74.07523346,1,NO,,5,Medium,173962.309,963371.7272,"https://nycdob.github.io/CycloMedia/simple#963371.727194792,173962.308965568"
5164580,35 RICHMOND TERRACE,STATEN ISLAND,501,7,11,NO,NB,520208800,EMPIRE OUTLET BUILDERS,40.64413834,-74.07523346,0,NO,,5,Medium,173962.309,963371.7272,"https://nycdob.github.io/CycloMedia/simple#963371.727194792,173962.308965568"
5164582,55B RICHMOND TERRACE,STATEN ISLAND,501,6,1,YES,NB,520196859,EMPIRE OUTLET BUILDERS,40.64413834,-74.07523346,9,NO,,5,Medium,173962.309,963371.7272,"https://nycdob.github.io/CycloMedia/simple#963371.727194792,173962.308965568"
5164796,165 BRICKTOWN WAY,STATEN ISLAND,503,8,2,NO,NB,520270750,BRIDLE ESTATES INC,40.53046036,-74.23008728,0,NO,,5,Medium,132621.5888,920289.0397,"https://nycdob.github.io/CycloMedia/simple#920289.039714946,132621.588779251"
1001021,28 LIBERTY STREET,MANHATTAN,101,9,61,YES,A1,121204525,MARLBORO GROUP INTERNATIO,40.7077713,-74.00911713,2,NO,,6,Medium,197136.7881,981722.2903,"https://nycdob.github.io/CycloMedia/simple#981722.290314351,197136.788068171"
1001034,125 GREENWICH STREET,MANHATTAN,101,7,72,YES,NB,121183799,PLAZA CONSTRUCTION LLC,40.70909882,-74.01277161,8,NO,,6,Medium,197620.5682,980709.1617,"https://nycdob.github.io/CycloMedia/simple#980709.161724322,197620.568246042"
1001409,100 CHURCH STREET,MANHATTAN,101,8,22,YES,A1,122223183,R&S CONST. CONTRACT. INC,40.71329117,-74.01013947,1,NO,,6,Medium,199147.8736,981439.0812,"https://nycdob.github.io/CycloMedia/simple#981439.081174165,199147.873645024"
1001835,108 LEONARD STREET,MANHATTAN,101,8,16,YES,A1,121185831,NEW LINE STRUCTURES & DEV,40.71636963,-74.00338745,5,NO,,6,Medium,200269.3061,983310.9554,"https://nycdob.github.io/CycloMedia/simple#983310.95536535,200269.306071607"
1002323,396 BROADWAY,MANHATTAN,101,9,10,YES,A1,120786417,ANTHONY T. RINALDI LLC,40.7183609,-74.00221252,2,NO,,6,Medium,200994.7769,983636.6784,"https://nycdob.github.io/CycloMedia/simple#983636.678359991,200994.776908419"
1003795,9 ORCHARD STREET,MANHATTAN,103,9,12,YES,A1,121326010,DNP BUILDERS LLC,40.7147789,-73.99221802,2,NO,,6,Medium,199689.8328,986407.3162,"https://nycdob.github.io/CycloMedia/simple#986407.31618521,199689.832767354"
1009134,817 BROADWAY,MANHATTAN,102,10,14,YES,A1,123119446,JRM CONSTRUCTION MGMT LLC,40.73320007,-73.99152374,1,NO,,6,Medium,206401.2531,986599.1332,"https://nycdob.github.io/CycloMedia/simple#986599.133206544,206401.253057612"
1014130,222 WEST 23 STREET,MANHATTAN,104,8,12,YES,A2,120973633,TRV MECHANICAL CONTRACTOR,40.74430847,-73.99688721,1,NO,,6,Medium,210448.2957,985112.5442,"https://nycdob.github.io/CycloMedia/simple#985112.544167078,210448.2956842"
1014260,211 WEST 28TH STREET,MANHATTAN,105,8,14,YES,A1,122143457,CHATEAU GC LLC,40.74769974,-73.99389648,3,NO,,6,Medium,211683.886,985941.177,"https://nycdob.github.io/CycloMedia/simple#985941.176982454,211683.88597604"
1014563,124 WEST 16TH STREET,MANHATTAN,104,9,11,YES,NB,121026709,TITANIUM CONSTRUCTION SER,40.73900986,-73.99723816,0,NO,,6,Medium,208517.8388,985015.3574,"https://nycdob.github.io/CycloMedia/simple#985015.357405438,208517.838757737"
1014986,112 WEST 25 STREET,MANHATTAN,104,7,39,YES,NB,121187214,FLINTLOCK CONSTR SERV LLC,40.74430084,-73.99273682,2,NO,,6,Medium,210445.5842,986262.6033,"https://nycdob.github.io/CycloMedia/simple#986262.603285111,210445.584165057"
1015534,162 5TH AVENUE,MANHATTAN,105,8,12,YES,A1,122984896,L&K PARTNERS INC,40.74058914,-73.99080658,1,NO,,6,Medium,209093.3438,986797.6072,"https://nycdob.github.io/CycloMedia/simple#986797.607215148,209093.343826851"
1017828,40 IRVING PLACE,MANHATTAN,106,8,12,YES,A2,103889945,V. C. VITANZA SONS INC,40.73532104,-73.98709106,2,NO,,6,Medium,207174.1396,987827.5039,"https://nycdob.github.io/CycloMedia/simple#987827.503925514,207174.139597927"
1022631,1155 6TH AVE,MANHATTAN,105,9,40,YES,A1,121193092,PLAZA CONSTRUCTION LLC,40.75667191,-73.98336029,1,NO,,6,Medium,214953.1158,988859.9503,"https://nycdob.github.io/CycloMedia/simple#988859.950283233,214953.115760691"
1023728,111 WEST 57TH STREET,MANHATTAN,105,10,82,YES,A1,121332968,JDS CONSTRUCTION GROUP*,40.7649498,-73.97756958,1,NO,,6,Medium,217969.3813,990463.4661,"https://nycdob.github.io/CycloMedia/simple#990463.466052739,217969.38128147"
1024901,1776 BROADWAY,MANHATTAN,105,10,25,YES,A2,140717491,PAR PLUMBING CO. INC,40.76636887,-73.98149109,1,NO,,6,Medium,218486.1406,989377.057,"https://nycdob.github.io/CycloMedia/simple#989377.05698069,218486.140567194"
1030358,200 AMSTERDAM AVE,MANHATTAN,107,5,51,NO,NB,122887224,PAVARINI MCGOVERN LLC,40.77696991,-73.98322296,4,NO,,6,Medium,222348.3579,988896.5803,"https://nycdob.github.io/CycloMedia/simple#988896.58026938,222348.357890571"
1034486,592 5TH AVENUE,MANHATTAN,105,8,11,YES,A2,122804572,BEST PLBG HTG & COOLING,40.75730133,-73.97860718,1,NO,,6,Medium,215182.7217,990176.721,"https://nycdob.github.io/CycloMedia/simple#990176.720953008,215182.721674028"
1035072,7 WEST 57 STREET,MANHATTAN,105,5,19,NO,NB,121191441,SECOND AVE SOLOW DEV CORP,40.76351929,-73.9745636,1,NO,,6,Medium,217448.4263,991296.3064,"https://nycdob.github.io/CycloMedia/simple#991296.306359217,217448.426317584"
1040155,435 EAST 52 STREET,MANHATTAN,106,9,26,YES,A2,123333632,EARLY PLBG & HTG INC,40.75463867,-73.96311188,1,NO,,6,Medium,214214.0567,994469.986,"https://nycdob.github.io/CycloMedia/simple#994469.98599358,214214.056666248"
1043853,1059 3 AVE,MANHATTAN,108,7,30,YES,NB,121187599,HUDSON MERIDIAN CONSTRUCT,40.76367188,-73.9646225,5,NO,,6,Medium,217504.975,994050.1342,"https://nycdob.github.io/CycloMedia/simple#994050.134164257,217504.975030039"
1043921,211 EAST 70TH STREET,MANHATTAN,108,8,34,YES,A2,122993485,E & A RESTORATION INC,40.76840973,-73.9605484,1,NO,,6,Medium,219231.6138,995177.9466,"https://nycdob.github.io/CycloMedia/simple#995177.946633905,219231.61378102"
1048054,1558 3RD AVENUE,MANHATTAN,108,7,31,YES,NB,121186518,DDG DEVELOPMENT LLC,40.7800293,-73.95353699,4,NO,,6,Medium,223465.9636,997117.8366,"https://nycdob.github.io/CycloMedia/simple#997117.836556963,223465.963591264"
1048100,108 EAST 89 STREET,MANHATTAN,108,10,15,YES,A1,122988623,E.W. HOWELL CO LLC,40.78155136,-73.95506287,3,NO,,6,Medium,224020.2826,996694.9631,"https://nycdob.github.io/CycloMedia/simple#996694.963067948,224020.282604472"
1054485,2306 THIRD AVENUE,MANHATTAN,111,7,12,YES,NB,121190326,MEGA CONTRACTING GP LLC,40.80418015,-73.93585968,1,NO,,6,Medium,232268.0396,1002007.087,"https://nycdob.github.io/CycloMedia/simple#1002007.08715922,232268.039639931"
1058657,233 WEST 125TH STREET,MANHATTAN,110,7,26,YES,NB,121187447,FLINTLOCK CONSTR SERV LLC,40.80995941,-73.94936371,12,NO,,6,Medium,234371.1812,998267.314,"https://nycdob.github.io/CycloMedia/simple#998267.314003718,234371.181211725"
1064765,153 SHERMAN AVENUE,MANHATTAN,112,8,6,YES,NB,122147765,PROCIDA CONSTRUCTION CORP,40.86428833,-73.92298889,1,NO,,6,Medium,254170.5394,1005551.079,"https://nycdob.github.io/CycloMedia/simple#1005551.07888644,254170.539418926"
1067116,421 HUDSON STREET,MANHATTAN,102,8,10,YES,A2,123417114,HERTLER NADILE P & H INC,40.72988129,-74.00731659,1,NO,,6,Medium,205192.0864,982222.1594,"https://nycdob.github.io/CycloMedia/simple#982222.159361009,205192.086350266"
1071457,399 PARK AVENUE,MANHATTAN,105,8,43,NO,A1,122649642,TISHMAN CONSTRUCTION CORP,40.75901031,-73.9715271,1,NO,,6,Medium,215805.9187,992138.001,"https://nycdob.github.io/CycloMedia/simple#992138.001048693,215805.918736252"
1079148,45 PARK PLACE,MANHATTAN,101,7,43,YES,NB,121185635,GILBANE RESIDENTIAL CONST,40.71384048,-74.00997925,3,NO,,6,Medium,199348.0012,981483.5203,"https://nycdob.github.io/CycloMedia/simple#981483.520298039,199348.00120005"
1080067,25 GREAT JONES STREET,MANHATTAN,102,8,11,YES,A1,101569269,SDS LEONARD LLC,40.72682953,-73.99362183,1,NO,,6,Medium,204080.2157,986017.8336,"https://nycdob.github.io/CycloMedia/simple#986017.833589216,204080.215713924"
1080188,627 GREENWICH STREET,MANHATTAN,102,9,12,YES,A1,122433937,BCRE SERVICES LLC,40.7308197,-74.00775909,7,NO,,6,Medium,205533.991,982099.5465,"https://nycdob.github.io/CycloMedia/simple#982099.546520057,205533.990965922"
1081128,11 WEST 53RD STREET,MANHATTAN,105,9,16,YES,A1,121190193,TURNER CONSTRUCTION COMPA,40.76128006,-73.97675323,3,NO,,6,Medium,216632.4337,990689.9572,"https://nycdob.github.io/CycloMedia/simple#990689.957215109,216632.433683528"
1087632,222 EAST 41 STREET,MANHATTAN,106,8,25,YES,A2,123450363,CARDOZA PLUMBING CORP,40.74932098,-73.97408295,1,NO,,6,Medium,212275.5615,991430.9854,"https://nycdob.github.io/CycloMedia/simple#991430.985402915,212275.561505747"
1089695,450 WEST 33RD STREET,MANHATTAN,104,8,15,YES,A2,123554402,ASHLAR MECHANICAL CORP,40.75357056,-73.99884033,1,NO,,6,Medium,213822.7579,984571.2953,"https://nycdob.github.io/CycloMedia/simple#984571.295310416,213822.757901793"
1089738,100 VARICK STREET,MANHATTAN,102,7,25,YES,NB,121193234,TRITON CONSTRUCTION CO.,40.72402954,-74.00563812,1,NO,,6,Medium,203060.0794,982687.2202,"https://nycdob.github.io/CycloMedia/simple#982687.220198721,203060.079396514"
1089829,525 WEST 122 STREET,MANHATTAN,109,5,33,NO,NB,121191628,GILBANE RESIDENTIAL CONST,40.8116188,-73.95966339,1,NO,,6,Medium,234974.2767,995415.8419,"https://nycdob.github.io/CycloMedia/simple#995415.841938325,234974.276665942"
1089853,100 EAST 104 STREET,MANHATTAN,111,6,23,YES,NB,121192887,GLENWOOD CONSTRUCTION,40.79127121,-73.94866943,1,NO,,6,Medium,227562.5281,998463.4954,"https://nycdob.github.io/CycloMedia/simple#998463.495397671,227562.528124995"
1090139,540 WEST 53RD STREET,MANHATTAN,104,6,13,NO,NB,121191968,MEGA CONTRACTING GP LLC,40.76721954,-73.9925766,3,NO,,6,Medium,218795.616,986306.2913,"https://nycdob.github.io/CycloMedia/simple#986306.291325086,218795.616008766"
1090158,1865 BROADWAY,MANHATTAN,107,7,33,YES,NB,121190219,LEND LEASE (US) CONSTRUCT,40.77024841,-73.98275757,19,NO,,6,Medium,219899.5167,989025.9579,"https://nycdob.github.io/CycloMedia/simple#989025.957884058,219899.516727788"
1090307,111 LEROY STREET,MANHATTAN,102,5,10,YES,NB,122622992,THE VOREA CONSTRUCTION CO,40.73052979,-74.00763702,7,NO,,6,Medium,205428.3622,982133.3694,"https://nycdob.github.io/CycloMedia/simple#982133.369420964,205428.362180229"
1090340,298 LAFAYETTE STREET,MANHATTAN,102,10,7,YES,NB,121186992,MARCH ASSOC. CONSTRU. IN,40.72483063,-73.9958725,4,NO,,6,Medium,203351.9166,985394.051,"https://nycdob.github.io/CycloMedia/simple#985394.051028259,203351.916606115"
1090365,430 EAST 58TH STREET,MANHATTAN,106,6,64,NO,NB,121191423,LENDLEASE(US)CONSTRUCTION,40.75823975,-73.96127319,2,NO,,6,Medium,215526.265,994978.8199,"https://nycdob.github.io/CycloMedia/simple#994978.819916428,215526.264969636"
1090386,281 5 AVENUE,MANHATTAN,105,9,51,YES,NB,121193136,LENDLEASE(US)CONSTRUCTION,40.74562836,-73.98621368,0,NO,,6,Medium,210929.4573,988070.0648,"https://nycdob.github.io/CycloMedia/simple#988070.064768729,210929.45733771"
1090443,1227 BROADWAY,MANHATTAN,105,7,38,YES,NB,121191986,FLINTLOCK CONSTR SERV LLC,40.74658966,-73.98889923,3,NO,,6,Medium,211279.5853,987325.8794,"https://nycdob.github.io/CycloMedia/simple#987325.879383372,211279.58534181"
1090475,25 PARK ROW,MANHATTAN,101,6,50,YES,NB,121190610,URBAN ATELIER GROUP LLC,40.7112999,-74.00740814,7,NO,,6,Medium,198422.317,982196.2124,"https://nycdob.github.io/CycloMedia/simple#982196.212398376,198422.317047085"
1090479,15 EAST 30TH STREET,MANHATTAN,105,7,56,YES,NB,122128679,MADISON 30 31 OWNER LLC,40.74571991,-73.9851532,5,NO,,6,Medium,210962.861,988363.9102,"https://nycdob.github.io/CycloMedia/simple#988363.910248654,210962.860953005"
1090485,255 EAST HOUSTON STREET,MANHATTAN,103,6,13,NO,NB,121189711,K S K CONSTRUCTION GROUP,40.72148895,-73.98513031,1,NO,,6,Medium,202134.7643,988371.7509,"https://nycdob.github.io/CycloMedia/simple#988371.750926393,202134.764260996"
1090512,30 EAST 31ST STREET,MANHATTAN,105,5,42,YES,NB,121192681,E&T SKYLINE CONSTRUCTION,40.74546051,-73.98397064,1,NO,,6,Medium,210868.4112,988691.6028,"https://nycdob.github.io/CycloMedia/simple#988691.602815738,210868.411200399"
1090530,147 EAST 86 STREET,MANHATTAN,108,6,18,NO,NB,122668648,GILBANE RESIDENTIAL CONST,40.77965164,-73.9552002,1,NO,,6,Medium,223328.1312,996657.2849,"https://nycdob.github.io/CycloMedia/simple#996657.28490278,223328.13115975"
1090562,130 WILLIAM STREET,MANHATTAN,101,7,61,YES,NB,121192903,GILBANE RESIDENTIAL CONST,40.70911026,-74.00634766,2,NO,,6,Medium,197624.5433,982490.1571,"https://nycdob.github.io/CycloMedia/simple#982490.157140112,197624.543310978"
1090571,500 WEST 25TH STREET,MANHATTAN,104,5,10,NO,NB,121190932,AVO CONSTRUCTION LLC,40.74897003,-74.00360107,2,NO,,6,Medium,212146.6566,983252.2246,"https://nycdob.github.io/CycloMedia/simple#983252.224605649,212146.656551776"
1090661,110 CHARLTON STREET,MANHATTAN,102,5,27,NO,NB,121191263,PLAZA CONSTRUCTION LLC,40.72711945,-74.00855255,8,NO,,6,Medium,204185.8928,981879.5062,"https://nycdob.github.io/CycloMedia/simple#981879.506183449,204185.892834607"
1090674,440 WASHINGTON ST,MANHATTAN,101,8,11,YES,NB,122182333,C & R CONSTRUCTION/REN IN,40.72330093,-74.01062012,0,NO,,6,Medium,202794.7535,981306.2743,"https://nycdob.github.io/CycloMedia/simple#981306.274339797,202794.753457228"
1090675,1910 1 AVENUE,MANHATTAN,111,7,16,YES,NB,122879233,PROCIDA CONSTRUCTION CORP,40.7843399,-73.94320679,2,NO,,6,Medium,225038.1503,999977.7458,"https://nycdob.github.io/CycloMedia/simple#999977.745831553,225038.150262793"
1090681,40 10TH AVENUE,MANHATTAN,102,9,12,YES,NB,121190148,CAULDWELL WINGATE CO LLC,40.74158859,-74.00814819,0,NO,,6,Medium,209457.4468,981992.0716,"https://nycdob.github.io/CycloMedia/simple#981992.071624759,209457.44677453"
1090691,12 EAST 48TH STREET,MANHATTAN,105,7,32,YES,NB,121190816,ANTHONY T. RINALDI LLC,40.75661087,-73.97736359,1,NO,,6,Medium,214931.2511,990521.3136,"https://nycdob.github.io/CycloMedia/simple#990521.313596176,214931.251119347"
1090720,505 WEST 43 STREET,MANHATTAN,104,7,15,YES,NB,121187456,NEW LINE STRUCTURES & DEV,40.76091003,-73.99546814,1,NO,,6,Medium,216496.7992,985505.4499,"https://nycdob.github.io/CycloMedia/simple#985505.449911527,216496.799157176"
1090777,53 WEST 53RD STREET,MANHATTAN,105,10,73,YES,NB,121327224,LENDLEASE(US)CONSTRUCTION,40.76171875,-73.97834015,0,NO,,6,Medium,216792.1502,990250.3013,"https://nycdob.github.io/CycloMedia/simple#990250.301326989,216792.15022797"
1802192,111 EAST 24TH STREET,MANHATTAN,105,6,12,YES,NB,121192798,TRINITY BUILDERS INC,40.74074173,-73.98503876,1,NO,,6,Medium,209149.1568,988395.9305,"https://nycdob.github.io/CycloMedia/simple#988395.930533052,209149.156804076"
1813443,501 WEST 18 STREET,MANHATTAN,104,7,21,NO,NB,121191147,RELATED CONTRUCTION LLC,40.74515152,-74.00679016,1,NO,,6,Medium,210755.5026,982368.4936,"https://nycdob.github.io/CycloMedia/simple#982368.493642008,210755.502630715"
2127331,2760 BRIGGS AVENUE,BRONX,207,8,5,YES,NB,201195704,LEON D. DEMATTEIS CONSTRU,40.86761856,-73.89051819,2,NO,,6,Medium,255393.432,1014530.873,"https://nycdob.github.io/CycloMedia/simple#1014530.87325635,255393.431996508"
2128390,2028 CRESTON AVENUE,BRONX,205,6,11,NO,NB,220392858,MACQUESTEN CONS. MNGMT,40.85221863,-73.904953,6,NO,,6,Medium,249777.9839,1010544.53,"https://nycdob.github.io/CycloMedia/simple#1010544.52999893,249777.983922415"
2128398,1812 VYSE AVENUE,BRONX,203,5,12,NO,NB,220152581,HLS BUILDERS CORP,40.83821106,-73.88477325,3,NO,,6,Medium,244681.2037,1016133.921,"https://nycdob.github.io/CycloMedia/simple#1016133.92061576,244681.203672026"
2129027,1560 BOONE AVENUE,BRONX,203,5,15,NO,NB,220152876,MONADNOCK CONSTRUCTION IN,40.83361053,-73.8841629,1,NO,,6,Medium,243005.2859,1016305.025,"https://nycdob.github.io/CycloMedia/simple#1016305.02489859,243005.285915656"
2129154,600 EAST 156 STREET,BRONX,201,5,12,NO,NB,220152705,MEGA CONTRACTING GP LLC,40.81864929,-73.90934753,1,NO,,6,Medium,237546.1477,1009341.451,"https://nycdob.github.io/CycloMedia/simple#1009341.45075729,237546.147663828"
2129282,16 E  204TH STREET,BRONX,207,6,12,NO,NB,220415012,GALAXY GENERAL CONTRACTIN,40.87482071,-73.88799286,1,NO,,6,Medium,258018.3391,1015225.982,"https://nycdob.github.io/CycloMedia/simple#1015225.98238358,258018.339075745"
3024103,575 4 AVENUE,BROOKLYN,307,8,11,YES,NB,321042331,TITAN REALTY & CONSTRUCTI,40.66545105,-73.99210358,0,NO,,6,Medium,181718.2548,986440.6615,"https://nycdob.github.io/CycloMedia/simple#986440.661465355,181718.254799782"
3029639,856 WASHINGTON AVENUE,BROOKLYN,308,6,14,YES,NB,320909059,LRC MAINTANENCE LLC,40.67250824,-73.96311951,2,NO,,6,Medium,184291.444,994480.4704,"https://nycdob.github.io/CycloMedia/simple#994480.470366445,184291.44401176"
3029723,109 MONTGOMERY ST,BROOKLYN,309,5,12,NO,NB,321090029,NY DEVELOPERS & MANAGEMEN,40.66687012,-73.96089172,1,NO,,6,Medium,182237.5842,995099.3637,"https://nycdob.github.io/CycloMedia/simple#995099.363685503,182237.584236237"
3116661,123 LINDEN BOULEVARD,BROOKLYN,317,7,26,YES,NB,321228603,BUSHBURG BUILDERS LLC,40.65270996,-73.95430756,1,NO,,6,Medium,177079.5284,996928.6251,"https://nycdob.github.io/CycloMedia/simple#996928.625130096,177079.528366912"
3137303,4813 9TH AVENUE,BROOKLYN,312,9,7,YES,NB,320592970,AMERICON CONSTRUCTION INC,40.64043045,-74.00032043,4,NO,,6,Medium,172602.4597,984161.0702,"https://nycdob.github.io/CycloMedia/simple#984161.070246967,172602.459680198"
3189620,3514 SURF AVE,BROOKLYN,313,6,21,NO,NB,321189842,HUDSON MERIDIAN CONSTRUCT,40.57247162,-74.00076294,3,NO,,6,Medium,147843.2998,984038.0468,"https://nycdob.github.io/CycloMedia/simple#984038.046849656,147843.299796488"
3326728,101 PENNSYLVANIA AVENUE,BROOKLYN,305,8,7,YES,NB,320622894,CAULDWELL WINGATE CO LLC,40.67520142,-73.89626312,4,NO,,6,Medium,185287.5297,1013024.94,"https://nycdob.github.io/CycloMedia/simple#1013024.94003524,185287.529736118"
3329438,11 HOYT STREET,BROOKLYN,302,8,52,YES,A1,321197058,TRITON CONSTRUCTION CO.,40.68978882,-73.98496246,5,NO,,6,Medium,190585.4622,988420.2592,"https://nycdob.github.io/CycloMedia/simple#988420.259223748,190585.462161695"
3329440,8 NEVINS STREET,BROOKLYN,302,5,24,YES,NB,320915578,DANYA CEBUS CONSTRUCTION,40.68841934,-73.98142242,1,NO,,6,Medium,190086.7103,989402.1003,"https://nycdob.github.io/CycloMedia/simple#989402.100327214,190086.710280078"
3385303,2943 WEST 28TH ST,BROOKLYN,313,11,17,YES,A2,321263048,VITAL PLUMBING INC,40.57481003,-73.99317169,0,NO,,6,Medium,148695.3132,986146.9143,"https://nycdob.github.io/CycloMedia/simple#986146.914283946,148695.313155952"
3396962,138 WILLOUGHBY STREET,BROOKLYN,302,6,57,NO,NB,321197085,LENDLEASE(US)CONSTRUCTION,40.69181061,-73.98298645,14,NO,,6,Medium,191322.1596,988968.1106,"https://nycdob.github.io/CycloMedia/simple#988968.110641428,191322.159600933"
3418262,41 BLUE SLIP,BROOKLYN,301,6,39,YES,NB,320597449,T.G. NICKEL & ASSOCIATES,40.73643112,-73.95955658,4,NO,,6,Medium,207580.8993,995458.0566,"https://nycdob.github.io/CycloMedia/simple#995458.056596834,207580.899330377"
3421378,1 CLINTON STREET,BROOKLYN,302,5,36,NO,NB,321197478,T.G. NICKEL & ASSOCIATES,40.69567108,-73.99143219,9,NO,,6,Medium,192728.3018,986625.8437,"https://nycdob.github.io/CycloMedia/simple#986625.843722306,192728.301834721"
3423863,3003 WEST 21ST STREET,BROOKLYN,313,9,9,YES,NB,321185695,SURF AVENUE CONSTRUCTION,40.5743103,-73.98726654,1,NO,,6,Medium,148513.434,987787.4007,"https://nycdob.github.io/CycloMedia/simple#987787.400690908,148513.434019183"
3424448,211 SCHERMERHORN STREET,BROOKLYN,302,6,14,YES,NB,321196200,OESTREICHER CONSTRUCTION,40.6889801,-73.98532104,2,NO,,6,Medium,190290.8065,988320.8656,"https://nycdob.github.io/CycloMedia/simple#988320.865582803,190290.806470615"
3424477,540 FULTON STREET,BROOKLYN,302,5,43,NO,NB,321185828,PAV-LAK CONTRACTING INC,40.68878937,-73.98152161,2,NO,,6,Medium,190221.5156,989374.5658,"https://nycdob.github.io/CycloMedia/simple#989374.565809806,190221.515607762"
3425049,266 KENT AVE,BROOKLYN,301,5,42,NO,NB,320916407,260 KENT CONSTRUCTION LLC,40.71595001,-73.96661377,2,NO,,6,Medium,200118.1725,993505.1466,"https://nycdob.github.io/CycloMedia/simple#993505.146606948,200118.172472004"
3425101,535 4 AVENUE,BROOKLYN,306,5,12,YES,NB,320626612,DYNATEC CONTRACTING INC,40.66688919,-73.99115753,3,NO,,6,Medium,182242.2352,986703.0646,"https://nycdob.github.io/CycloMedia/simple#986703.064633664,182242.235178213"
3425188,243 FOURTH AVENUE,BROOKLYN,306,6,12,YES,NB,320909228,WERIZE INC,40.67631912,-73.98338318,1,NO,,6,Medium,185678.141,988859.1626,"https://nycdob.github.io/CycloMedia/simple#988859.162561577,185678.140979768"
3426518,810 FULTON STREET,BROOKLYN,302,8,12,YES,NB,320597083,BROADWAY CONSTRUCTION GR,40.68349075,-73.96846008,0,NO,,6,Medium,188292.1104,992997.5798,"https://nycdob.github.io/CycloMedia/simple#992997.579772151,188292.110446891"
3847142,271 SEA BREEZE AVE,BROOKLYN,313,8,20,YES,NB,301677460,RYBAK DEVELOPMENT AND CON,40.57622147,-73.97131348,0,NO,,6,Medium,149210.7659,992218.9909,"https://nycdob.github.io/CycloMedia/simple#992218.990917063,149210.765904617"
4005015,41-32 27TH STREET,QUEENS,401,5,16,YES,NB,420650110,PLAZA NORTH CONSTRUCTION,40.75115967,-73.93932343,1,NO,,6,Medium,212950.2135,1001061.539,"https://nycdob.github.io/CycloMedia/simple#1001061.53868254,212950.213549403"
4005063,24-16 QUEENS PLAZA SOUTH,QUEENS,402,10,22,YES,A1,421214901,ROSS & ASSOCIATES LLC,40.75046158,-73.94107056,1,NO,,6,Medium,212695.5466,1000577.636,"https://nycdob.github.io/CycloMedia/simple#1000577.63562603,212695.546567969"
4005166,23-15 44  DRIVE,QUEENS,402,5,67,NO,NB,420655954,NEW LINE STRUCTURES & DEV,40.7477684,-73.94419098,4,NO,,6,Medium,211713.7698,999713.6826,"https://nycdob.github.io/CycloMedia/simple#999713.682561316,211713.769786799"
4215614,160-08 JAMAICA AVENUE,QUEENS,412,11,4,YES,A1,421020905,M&R CONSTRUCTION GROUP IN,40.70357132,-73.79844666,1,NO,,6,Medium,195670.769,1040133.835,"https://nycdob.github.io/CycloMedia/simple#1040133.83517381,195670.769037844"
4437015,22-06 31ST STREET,QUEENS,401,8,3,YES,NB,421318586,PAV-LAK CONTRACTING INC,40.77611923,-73.91130066,1,NO,,6,Medium,222050.4203,1008816.541,"https://nycdob.github.io/CycloMedia/simple#1008816.54089235,222050.420309795"
4607281,148-10 ARCHER AVENUE,QUEENS,412,7,16,YES,NB,420654517,CNY CONSTRUCTION LLC,40.70053864,-73.80679321,1,NO,,6,Medium,194560.6598,1037822.062,"https://nycdob.github.io/CycloMedia/simple#1037822.06160958,194560.659797395"
4617821,42-20 27TH ST,QUEENS,402,6,18,NO,NB,421079013,GALAXY DEVELOPERS LLC,40.74980927,-73.9406662,1,NO,,6,Medium,212457.9635,1000689.832,"https://nycdob.github.io/CycloMedia/simple#1000689.83240847,212457.963521942"
4850122,43-12 HUNTER STREET,QUEENS,402,5,18,NO,NB,420659530,43-12 HUNTER GC LLC,40.74818039,-73.94241333,2,NO,,6,Medium,211864.1888,1000206.139,"https://nycdob.github.io/CycloMedia/simple#1000206.1385707,211864.188767016"
4864827,148-18 ARCHER AVENUE,QUEENS,412,8,15,YES,NB,420857399,GRAND CONSTRUCTION & DEV*,40.70095062,-73.80510712,0,NO,,6,Medium,194711.7943,1038289.245,"https://nycdob.github.io/CycloMedia/simple#1038289.24488119,194711.794337126"
1000815,1 WALL STREET,MANHATTAN,101,11,52,YES,A1,121190086,JT MAGEN & COMPANY INC,40.70711899,-74.01183319,11,NO,,7,High,196899.2208,980969.2334,"https://nycdob.github.io/CycloMedia/simple#980969.233404022,196899.220780618"
1001032,68 TRINITY PLACE,MANHATTAN,101,9,27,NO,NB,121186885,HUNTER ROBERTS CONST. GRP,40.70840836,-74.0129776,1,NO,,7,High,197369.0212,980652.0142,"https://nycdob.github.io/CycloMedia/simple#980652.014161819,197369.021170714"
1003549,100 EAST BROADWAY,MANHATTAN,103,9,14,YES,NB,122470502,W & L GROUP CONSTRUCTION,40.71408844,-73.99323273,3,NO,,7,High,199438.2537,986126.0385,"https://nycdob.github.io/CycloMedia/simple#986126.038509176,199438.253747198"
1009386,110 UNIVERSITY PLACE,MANHATTAN,102,8,23,YES,NB,121187241,CNY CONSTRUCTION LLC,40.73431015,-73.99285126,6,NO,,7,High,206805.6561,986231.1892,"https://nycdob.github.io/CycloMedia/simple#986231.189150488,206805.65609397"
1012856,436 10TH AVENUE,MANHATTAN,104,10,29,YES,NB,121237009,ATRIA BUILDERS LLC,40.75468063,-73.99865723,8,NO,,7,High,214227.1956,984622.0199,"https://nycdob.github.io/CycloMedia/simple#984622.019949306,214227.195643721"
1012860,441 9TH AVENUE,MANHATTAN,104,12,26,YES,A1,120996351,PAVARINI MCGOVERN LLC,40.75392914,-73.99651337,6,NO,,7,High,213953.4179,985215.9945,"https://nycdob.github.io/CycloMedia/simple#985215.994515977,213953.417877997"
1019630,200 E 21 STREET,MANHATTAN,106,8,20,YES,NB,121190479,BRAVO BUILDERS LLC,40.73723984,-73.98396301,1,NO,,7,High,207873.3595,988694.2652,"https://nycdob.github.io/CycloMedia/simple#988694.265181416,207873.359461667"
1022709,1271 AVENUE OF THE AMERICAS,MANHATTAN,105,12,47,YES,A1,122618499,TURNER CONSTRUCTION COMPA,40.76054001,-73.98100281,5,NO,,7,High,216362.5249,989512.7738,"https://nycdob.github.io/CycloMedia/simple#989512.773776471,216362.524881237"
1036505,425 PARK AVENUE,MANHATTAN,105,9,42,YES,NB,121333921,TISHMAN CONSTRUCTION CORP,40.76042938,-73.97103882,7,NO,,7,High,216322.9757,992273.1013,"https://nycdob.github.io/CycloMedia/simple#992273.101296597,216322.9757447"
1036876,139 EAST 56TH STREET,MANHATTAN,106,9,17,NO,NB,123028810,HUNTER ROBERTS CONST. GRP,40.76034164,-73.96923065,3,NO,,7,High,216291.1807,992774.0279,"https://nycdob.github.io/CycloMedia/simple#992774.027944126,216291.180686492"
1047968,152 EAST 87 STREET,MANHATTAN,108,11,19,YES,A1,121844601,NOBLE CONSTRUCTION GR LLC,40.77978897,-73.95478058,7,NO,,7,High,223378.2245,996773.4717,"https://nycdob.github.io/CycloMedia/simple#996773.471712258,223378.224501778"
1051137,40 EAST END AVE,MANHATTAN,108,8,18,YES,NB,121190120,BRAVO BUILDERS LLC,40.77201843,-73.94738007,3,NO,,7,High,220548.3014,998824.7364,"https://nycdob.github.io/CycloMedia/simple#998824.736407018,220548.301363882"
1079377,235 WEST 75TH STREET,MANHATTAN,107,11,12,YES,A1,120328225,NAF CONSTRUCTION MANAGEME,40.78155899,-73.98165894,1,NO,,7,High,224020.4019,989329.4039,"https://nycdob.github.io/CycloMedia/simple#989329.403884718,224020.401897549"
1088815,215 PEARL STREET,MANHATTAN,101,10,38,YES,NB,121017559,ANTHONY T. RINALDI LLC,40.70721817,-74.00631714,5,NO,,7,High,196935.1974,982498.5682,"https://nycdob.github.io/CycloMedia/simple#982498.568210434,196935.197372777"
1089736,515 WEST 36 STREET,MANHATTAN,104,8,39,NO,NB,121187483,HUDSON 37 LLC,40.75653839,-73.99904633,5,NO,,7,High,214904.0357,984514.2113,"https://nycdob.github.io/CycloMedia/simple#984514.211345203,214904.03570768"
1089807,76 11 AVENUE,MANHATTAN,104,9,36,YES,NB,121190308,OMNIBUILD CONSTRUCTION IN,40.74470139,-74.0074234,3,NO,,7,High,210591.5186,982193.0134,"https://nycdob.github.io/CycloMedia/simple#982193.013421148,210591.518567545"
1089972,400 WEST 33RD STREET,MANHATTAN,104,10,69,YES,NB,121187143,TISHMAN CONSTRUCTION CORP,40.75268173,-73.99770355,6,NO,,7,High,213498.9366,984886.2578,"https://nycdob.github.io/CycloMedia/simple#984886.257755423,213498.936584416"
1089999,560 WEST 33 STREET,MANHATTAN,104,10,72,NO,NB,121192618,TISHMAN CONSTRUCTION CORP,40.75455856,-74.00224304,6,NO,,7,High,214182.7266,983628.5564,"https://nycdob.github.io/CycloMedia/simple#983628.55644591,214182.726571915"
1090142,1465 PARK AVENUE,MANHATTAN,111,8,15,NO,NB,121191432,CONGRESS BUILDERS LLC,40.79367828,-73.94644165,2,NO,,7,High,228439.8775,999079.835,"https://nycdob.github.io/CycloMedia/simple#999079.834963389,228439.877461574"
1090205,528 WEST 28TH STREET,MANHATTAN,104,8,11,YES,NB,121185261,PIZZAROTTI LLC,40.751091,-74.00344086,1,NO,,7,High,212919.3931,983296.6475,"https://nycdob.github.io/CycloMedia/simple#983296.647508446,212919.393079377"
1090213,514 WEST 24 STREET,MANHATTAN,104,8,10,YES,NB,121186858,JDS CONSTRUCTION GROUP*,40.74858093,-74.00480652,1,NO,,7,High,212004.9113,982918.2157,"https://nycdob.github.io/CycloMedia/simple#982918.215742007,212004.911261124"
1090241,112 EAST 11 STREET,MANHATTAN,103,10,13,NO,NB,121191085,LEEDING BUILDERS GROUP LL,40.73141098,-73.98943329,2,NO,,7,High,205749.4934,987178.566,"https://nycdob.github.io/CycloMedia/simple#987178.566016463,205749.493438598"
1090257,161 MAIDEN LANE,MANHATTAN,101,8,57,YES,NB,121185680,PIZZAROTTI LLC,40.70550156,-74.00476837,3,NO,,7,High,196309.7562,982927.9311,"https://nycdob.github.io/CycloMedia/simple#982927.931089669,196309.756242289"
1090476,1 BEEKMAN STREET,MANHATTAN,101,8,25,YES,NB,121193546,T.G. NICKEL & ASSOCIATES,40.71146011,-74.00702667,2,NO,,7,High,198480.6803,982301.9734,"https://nycdob.github.io/CycloMedia/simple#982301.973393659,198480.680341394"
1090477,91 LEONARD STREET,MANHATTAN,101,8,20,YES,NB,121190166,TOLL GC LLC,40.71728134,-74.00421906,2,NO,,7,High,200601.4808,983080.4401,"https://nycdob.github.io/CycloMedia/simple#983080.440136099,200601.480842319"
1090638,10 VANDERBILT AVENUE,MANHATTAN,105,8,67,YES,NB,121189828,TISHMAN CONSTRUCTION CORP,40.75297165,-73.97855377,1,NO,,7,High,213605.2818,990191.9028,"https://nycdob.github.io/CycloMedia/simple#990191.902820301,213605.281758325"
1090713,530 EAST 74TH STREET,MANHATTAN,108,9,22,YES,NB,121237580,TURNER CONSTRUCTION COMPA,40.76702118,-73.95104218,1,NO,,7,High,218727.0479,997811.4184,"https://nycdob.github.io/CycloMedia/simple#997811.418358878,218727.04792655"
2127284,1530 STORY AVENUE,BRONX,209,8,13,YES,NB,220151895,L & M BUILDERS GROUP LLC,40.820961,-73.87793732,5,NO,,7,High,238398.941,1018034.221,"https://nycdob.github.io/CycloMedia/simple#1018034.22129777,238398.940966077"
2128733,988 EAST 180TH STREET,BRONX,206,9,18,YES,NB,220152233,MONADNOCK CONSTRUCTION IN,40.84307861,-73.8796463,2,NO,,7,High,246456.5415,1017550.141,"https://nycdob.github.io/CycloMedia/simple#1017550.14133722,246456.54154272"
2128970,1520 STORY AVENUE,BRONX,209,9,13,YES,NB,220151902,L & M BUILDERS GROUP LLC,40.82080841,-73.87899017,1,NO,,7,High,238342.9434,1017742.891,"https://nycdob.github.io/CycloMedia/simple#1017742.89116077,238342.943416061"
3329825,135 EMERSON PLACE,BROOKLYN,302,8,10,YES,NB,321183367,TISHMAN CONSTRUCTION CORP,40.69340897,-73.96148682,1,NO,,7,High,191906.3781,994930.0229,"https://nycdob.github.io/CycloMedia/simple#994930.022851153,191906.378077026"
3335899,422 FULTON STREET,BROOKLYN,302,12,14,YES,A1,320908899,TRANSPARENT CONSTRUCTION,40.69028854,-73.98603821,19,NO,,7,High,190767.4774,988121.9012,"https://nycdob.github.io/CycloMedia/simple#988121.901161339,190767.477351536"
3424482,146 PIERREPONT STREET,BROOKLYN,302,8,20,YES,NB,320908041,T.G. NICKEL & ASSOCIATES,40.69446182,-73.99160004,3,NO,,7,High,192287.7286,986579.3423,"https://nycdob.github.io/CycloMedia/simple#986579.342281683,192287.728577959"
3425676,420 KENT AVENUE,BROOKLYN,301,9,22,YES,NB,320597476,ZDG LLC,40.70967102,-73.96916199,2,NO,,7,High,197830.2864,992799.5491,"https://nycdob.github.io/CycloMedia/simple#992799.549109284,197830.286428617"
4214004,147-40 ARCHER AVENUE,QUEENS,412,9,30,YES,NB,420654508,CNY CONSTRUCTION LLC,40.70053864,-73.80679321,17,NO,,7,High,194560.6598,1037822.062,"https://nycdob.github.io/CycloMedia/simple#1037822.06160958,194560.659797395"
4541700,36-18 MAIN STREET,QUEENS,407,9,14,YES,NB,401816923,W & L GROUP CONSTRUCTION,40.7623291,-73.83254242,5,NO,,7,High,217058.1202,1030639.337,"https://nycdob.github.io/CycloMedia/simple#1030639.33712165,217058.120236561"
4618084,22-18 JACKSON AVENUE,QUEENS,402,8,11,YES,NB,420655838,BRITT REALTY LLC,40.74481964,-73.9469223,3,NO,,7,High,210638.9716,998957.5328,"https://nycdob.github.io/CycloMedia/simple#998957.532753718,210638.971566243"
5166155,35A BAY STREET,STATEN ISLAND,501,9,16,YES,NB,520138379,HOLLISTER CONSTRUCTION SE,40.64165878,-74.07505035,2,NO,,7,High,173058.8969,963421.7674,"https://nycdob.github.io/CycloMedia/simple#963421.767378213,173058.896899749"
1087143,149 EAST 125TH STREET,MANHATTAN,111,11,11,YES,NB,121192388,ZDG LLC,40.80442047,-73.93641663,3,NO,,8,High,232355.4864,1001852.835,"https://nycdob.github.io/CycloMedia/simple#1001852.83457836,232355.486405836"
1089374,639 WEST 59TH STREET,MANHATTAN,107,11,34,YES,NB,121193458,TISHMAN CONSTRUCTION CORP,40.77267838,-73.99181366,4,NO,,8,High,220784.4689,986517.4406,"https://nycdob.github.io/CycloMedia/simple#986517.440641782,220784.468917634"
1089723,400 WEST 61 STREET,MANHATTAN,107,12,38,YES,NB,121193181,TISHMAN CONSTRUCTION CORP,40.77344894,-73.99199677,14,NO,,8,High,221065.2082,986466.6987,"https://nycdob.github.io/CycloMedia/simple#986466.698705533,221065.2082363"
1089741,10 RIVERSIDE BOULEVARD,MANHATTAN,107,11,36,YES,NB,121192976,TISHMAN CONSTRUCTION CORP,40.77410889,-73.99188232,5,NO,,8,High,221305.6504,986498.3737,"https://nycdob.github.io/CycloMedia/simple#986498.373736114,221305.650351741"
1089903,590 EAST 83 STREET,MANHATTAN,108,11,12,YES,NB,121190987,E.W. HOWELL CO LLC,40.77294922,-73.94661713,4,NO,,8,High,220887.5457,999035.8497,"https://nycdob.github.io/CycloMedia/simple#999035.849661229,220887.545654847"
1090180,217 WEST 57 STREET,MANHATTAN,105,11,98,YES,NB,121328205,LENDLEASE(US)CONSTRUCTION,40.76623154,-73.98095703,11,NO,,8,High,218436.1387,989525.0044,"https://nycdob.github.io/CycloMedia/simple#989525.004371643,218436.138742944"
3335129,63 FLUSHING AVENUE,BROOKLYN,302,15,17,YES,NB,321190563,GILBANE BUILDING COMPANY,40.70225906,-73.97277069,8,NO,,8,High,195129.5566,991799.9094,"https://nycdob.github.io/CycloMedia/simple#991799.909402439,195129.556589044"
3425961,19 KENT AVENUE,BROOKLYN,301,11,10,YES,NB,320591944,T.G. NICKEL & ASSOCIATES,40.72294998,-73.95780182,1,NO,,8,High,202669.5296,995946.7182,"https://nycdob.github.io/CycloMedia/simple#995946.718230844,202669.529644919"
4615628,28-07 JACKSON AVENUE,QUEENS,402,12,27,YES,NB,420656873,NEW LINE STRUCTURES & DEV,40.74895096,-73.93860626,4,NO,,8,High,212145.6481,1001260.806,"https://nycdob.github.io/CycloMedia/simple#1001260.80559763,212145.648088459"
